'Average air temperature above sea ice (degrees in Celcius)','Average water temperature below sea ice (degrees in Celcius)','Global Annual Mean CO2','CO2 ppm, 20 Year Smoothed',CO2-GRF,CH4-GRF,N2O-GRF,CFC12-GRF,CFC11-GRF,15-minor-GRF,Total-GRF,'CO2-eq (ppm) Total','AGGI 1990 = 1','AGGI \% change *','Global Mean CO2 NOAA ppm','Urban population (\% of total)','Urban population','Urban population growth (annual \%)','Population, total','Population growth (annual \%)','Improved sanitation facilities (\% of population with access)','Improved water source (\% of population with access)','Improved water source, urban (\% of urban population with access)','Improved water source, rural (\% of rural population with access)','Mortality rate, under-5 (per 1,000 live births)','Primary completion rate, total (\% of relevant age group)','School enrollment, primary and secondary (gross), gender parity index (GPI)','Agriculture, value added (\% of GDP)','CPIA public sector management and institutions cluster average (1=low to 6=high)','Population in urban agglomerations of more than 1 million (\% of total population)','Nitrous oxide emissions (\% change from 1990)','Nitrous oxide emissions (thousand metric tons of CO2 equivalent)','Methane emissions (\% change from 1990)','Methane emissions (kt of CO2 equivalent)','Total greenhouse gas emissions (\% change from 1990)','Total greenhouse gas emissions (kt of CO2 equivalent)','Other greenhouse gas emissions (\% change from 1990)','Other greenhouse gas emissions, HFC, PFC and SF6 (thousand metric tons of CO2 equivalent)','CO2 emissions from solid fuel consumption (\% of total)','CO2 emissions from solid fuel consumption (kt)','CO2 emissions (kg per 2011 PPP $ of GDP)','CO2 emissions (kg per PPP $ of GDP)','CO2 emissions (metric tons per capita)','CO2 emissions from liquid fuel consumption (\% of total)','CO2 emissions from liquid fuel consumption (kt)','CO2 emissions (kt)','CO2 emissions (kg per 2010 US$ of GDP)','CO2 emissions from gaseous fuel consumption (\% of total)','CO2 emissions from gaseous fuel consumption (kt)','CO2 intensity (kg per kg of oil equivalent energy use)','Energy use (kg of oil equivalent per capita)','Electric power consumption (kWh per capita)','Energy use (kg of oil equivalent) per $1,000 GDP (constant 2011 PPP)','Renewable energy consumption (\% of total final energy consumption)','Electricity production from renewable sources, excluding hydroelectric (\% of total)','Electricity production from renewable sources
'\'(-inf-14.4198]\'','\'(-inf-15.0048]\'',?,'\'(-inf-294.5]\'',?,?,?,?,?,?,?,?,?,?,?,?,?,?,?,?,?,?,?,?,?,?,?,?,?,?,?,?,?,?,?,?,?,?,?,?,?,?,?,?,?,?,?,?,?,?,?,?,?,?,?,?,?,?,?,?,?,?,?,?,?,?,?,?,?,?
'\'(-inf-14.4198]\'','\'(-inf-15.0048]\'',?,'\'(-inf-294.5]\'',?,?,?,?,?,?,?,?,?,?,?,?,?,?,?,?,?,?,?,?,?,?,?,?,?,?,?,?,?,?,?,?,?,?,?,?,?,?,?,?,?,?,?,?,?,?,?,?,?,?,?,?,?,?,?,?,?,?,?,?,?,?,?,?,?,?
'\'(-inf-14.4198]\'','\'(-inf-15.0048]\'',?,'\'(-inf-294.5]\'',?,?,?,?,?,?,?,?,?,?,?,?,?,?,?,?,?,?,?,?,?,?,?,?,?,?,?,?,?,?,?,?,?,?,?,?,?,?,?,?,?,?,?,?,?,?,?,?,?,?,?,?,?,?,?,?,?,?,?,?,?,?,?,?,?,?
'\'(-inf-14.4198]\'','\'(-inf-15.0048]\'',?,'\'(-inf-294.5]\'',?,?,?,?,?,?,?,?,?,?,?,?,?,?,?,?,?,?,?,?,?,?,?,?,?,?,?,?,?,?,?,?,?,?,?,?,?,?,?,?,?,?,?,?,?,?,?,?,?,?,?,?,?,?,?,?,?,?,?,?,?,?,?,?,?,?
'\'(-inf-14.4198]\'','\'(-inf-15.0048]\'',?,'\'(-inf-294.5]\'',?,?,?,?,?,?,?,?,?,?,?,?,?,?,?,?,?,?,?,?,?,?,?,?,?,?,?,?,?,?,?,?,?,?,?,?,?,?,?,?,?,?,?,?,?,?,?,?,?,?,?,?,?,?,?,?,?,?,?,?,?,?,?,?,?,?
'\'(14.4198-14.7306]\'','\'(15.0048-15.3156]\'',?,'\'(-inf-294.5]\'',?,?,?,?,?,?,?,?,?,?,?,?,?,?,?,?,?,?,?,?,?,?,?,?,?,?,?,?,?,?,?,?,?,?,?,?,?,?,?,?,?,?,?,?,?,?,?,?,?,?,?,?,?,?,?,?,?,?,?,?,?,?,?,?,?,?
'\'(-inf-14.4198]\'','\'(-inf-15.0048]\'',?,'\'(-inf-294.5]\'',?,?,?,?,?,?,?,?,?,?,?,?,?,?,?,?,?,?,?,?,?,?,?,?,?,?,?,?,?,?,?,?,?,?,?,?,?,?,?,?,?,?,?,?,?,?,?,?,?,?,?,?,?,?,?,?,?,?,?,?,?,?,?,?,?,?
'\'(-inf-14.4198]\'','\'(-inf-15.0048]\'',?,'\'(-inf-294.5]\'',?,?,?,?,?,?,?,?,?,?,?,?,?,?,?,?,?,?,?,?,?,?,?,?,?,?,?,?,?,?,?,?,?,?,?,?,?,?,?,?,?,?,?,?,?,?,?,?,?,?,?,?,?,?,?,?,?,?,?,?,?,?,?,?,?,?
'\'(-inf-14.4198]\'','\'(-inf-15.0048]\'',?,'\'(-inf-294.5]\'',?,?,?,?,?,?,?,?,?,?,?,?,?,?,?,?,?,?,?,?,?,?,?,?,?,?,?,?,?,?,?,?,?,?,?,?,?,?,?,?,?,?,?,?,?,?,?,?,?,?,?,?,?,?,?,?,?,?,?,?,?,?,?,?,?,?
'\'(-inf-14.4198]\'','\'(-inf-15.0048]\'',?,'\'(-inf-294.5]\'',?,?,?,?,?,?,?,?,?,?,?,?,?,?,?,?,?,?,?,?,?,?,?,?,?,?,?,?,?,?,?,?,?,?,?,?,?,?,?,?,?,?,?,?,?,?,?,?,?,?,?,?,?,?,?,?,?,?,?,?,?,?,?,?,?,?
'\'(-inf-14.4198]\'','\'(-inf-15.0048]\'',?,'\'(-inf-294.5]\'',?,?,?,?,?,?,?,?,?,?,?,?,?,?,?,?,?,?,?,?,?,?,?,?,?,?,?,?,?,?,?,?,?,?,?,?,?,?,?,?,?,?,?,?,?,?,?,?,?,?,?,?,?,?,?,?,?,?,?,?,?,?,?,?,?,?
'\'(-inf-14.4198]\'','\'(-inf-15.0048]\'',?,'\'(-inf-294.5]\'',?,?,?,?,?,?,?,?,?,?,?,?,?,?,?,?,?,?,?,?,?,?,?,?,?,?,?,?,?,?,?,?,?,?,?,?,?,?,?,?,?,?,?,?,?,?,?,?,?,?,?,?,?,?,?,?,?,?,?,?,?,?,?,?,?,?
'\'(-inf-14.4198]\'','\'(-inf-15.0048]\'',?,'\'(-inf-294.5]\'',?,?,?,?,?,?,?,?,?,?,?,?,?,?,?,?,?,?,?,?,?,?,?,?,?,?,?,?,?,?,?,?,?,?,?,?,?,?,?,?,?,?,?,?,?,?,?,?,?,?,?,?,?,?,?,?,?,?,?,?,?,?,?,?,?,?
'\'(-inf-14.4198]\'','\'(-inf-15.0048]\'',?,'\'(-inf-294.5]\'',?,?,?,?,?,?,?,?,?,?,?,?,?,?,?,?,?,?,?,?,?,?,?,?,?,?,?,?,?,?,?,?,?,?,?,?,?,?,?,?,?,?,?,?,?,?,?,?,?,?,?,?,?,?,?,?,?,?,?,?,?,?,?,?,?,?
'\'(-inf-14.4198]\'','\'(-inf-15.0048]\'',?,'\'(-inf-294.5]\'',?,?,?,?,?,?,?,?,?,?,?,?,?,?,?,?,?,?,?,?,?,?,?,?,?,?,?,?,?,?,?,?,?,?,?,?,?,?,?,?,?,?,?,?,?,?,?,?,?,?,?,?,?,?,?,?,?,?,?,?,?,?,?,?,?,?
'\'(-inf-14.4198]\'','\'(-inf-15.0048]\'',?,'\'(-inf-294.5]\'',?,?,?,?,?,?,?,?,?,?,?,?,?,?,?,?,?,?,?,?,?,?,?,?,?,?,?,?,?,?,?,?,?,?,?,?,?,?,?,?,?,?,?,?,?,?,?,?,?,?,?,?,?,?,?,?,?,?,?,?,?,?,?,?,?,?
'\'(14.4198-14.7306]\'','\'(15.0048-15.3156]\'',?,'\'(-inf-294.5]\'',?,?,?,?,?,?,?,?,?,?,?,?,?,?,?,?,?,?,?,?,?,?,?,?,?,?,?,?,?,?,?,?,?,?,?,?,?,?,?,?,?,?,?,?,?,?,?,?,?,?,?,?,?,?,?,?,?,?,?,?,?,?,?,?,?,?
'\'(14.4198-14.7306]\'','\'(15.0048-15.3156]\'',?,'\'(-inf-294.5]\'',?,?,?,?,?,?,?,?,?,?,?,?,?,?,?,?,?,?,?,?,?,?,?,?,?,?,?,?,?,?,?,?,?,?,?,?,?,?,?,?,?,?,?,?,?,?,?,?,?,?,?,?,?,?,?,?,?,?,?,?,?,?,?,?,?,?
'\'(14.4198-14.7306]\'','\'(15.0048-15.3156]\'',?,'\'(-inf-294.5]\'',?,?,?,?,?,?,?,?,?,?,?,?,?,?,?,?,?,?,?,?,?,?,?,?,?,?,?,?,?,?,?,?,?,?,?,?,?,?,?,?,?,?,?,?,?,?,?,?,?,?,?,?,?,?,?,?,?,?,?,?,?,?,?,?,?,?
'\'(14.4198-14.7306]\'','\'(15.0048-15.3156]\'',?,'\'(-inf-294.5]\'',?,?,?,?,?,?,?,?,?,?,?,?,?,?,?,?,?,?,?,?,?,?,?,?,?,?,?,?,?,?,?,?,?,?,?,?,?,?,?,?,?,?,?,?,?,?,?,?,?,?,?,?,?,?,?,?,?,?,?,?,?,?,?,?,?,?
'\'(-inf-14.4198]\'','\'(-inf-15.0048]\'',?,'\'(-inf-294.5]\'',?,?,?,?,?,?,?,?,?,?,?,?,?,?,?,?,?,?,?,?,?,?,?,?,?,?,?,?,?,?,?,?,?,?,?,?,?,?,?,?,?,?,?,?,?,?,?,?,?,?,?,?,?,?,?,?,?,?,?,?,?,?,?,?,?,?
'\'(-inf-14.4198]\'','\'(-inf-15.0048]\'',?,'\'(-inf-294.5]\'',?,?,?,?,?,?,?,?,?,?,?,?,?,?,?,?,?,?,?,?,?,?,?,?,?,?,?,?,?,?,?,?,?,?,?,?,?,?,?,?,?,?,?,?,?,?,?,?,?,?,?,?,?,?,?,?,?,?,?,?,?,?,?,?,?,?
'\'(-inf-14.4198]\'','\'(-inf-15.0048]\'',?,'\'(-inf-294.5]\'',?,?,?,?,?,?,?,?,?,?,?,?,?,?,?,?,?,?,?,?,?,?,?,?,?,?,?,?,?,?,?,?,?,?,?,?,?,?,?,?,?,?,?,?,?,?,?,?,?,?,?,?,?,?,?,?,?,?,?,?,?,?,?,?,?,?
'\'(-inf-14.4198]\'','\'(-inf-15.0048]\'',?,'\'(-inf-294.5]\'',?,?,?,?,?,?,?,?,?,?,?,?,?,?,?,?,?,?,?,?,?,?,?,?,?,?,?,?,?,?,?,?,?,?,?,?,?,?,?,?,?,?,?,?,?,?,?,?,?,?,?,?,?,?,?,?,?,?,?,?,?,?,?,?,?,?
'\'(-inf-14.4198]\'','\'(-inf-15.0048]\'',?,'\'(-inf-294.5]\'',?,?,?,?,?,?,?,?,?,?,?,?,?,?,?,?,?,?,?,?,?,?,?,?,?,?,?,?,?,?,?,?,?,?,?,?,?,?,?,?,?,?,?,?,?,?,?,?,?,?,?,?,?,?,?,?,?,?,?,?,?,?,?,?,?,?
'\'(-inf-14.4198]\'','\'(-inf-15.0048]\'',?,'\'(-inf-294.5]\'',?,?,?,?,?,?,?,?,?,?,?,?,?,?,?,?,?,?,?,?,?,?,?,?,?,?,?,?,?,?,?,?,?,?,?,?,?,?,?,?,?,?,?,?,?,?,?,?,?,?,?,?,?,?,?,?,?,?,?,?,?,?,?,?,?,?
'\'(-inf-14.4198]\'','\'(-inf-15.0048]\'',?,'\'(-inf-294.5]\'',?,?,?,?,?,?,?,?,?,?,?,?,?,?,?,?,?,?,?,?,?,?,?,?,?,?,?,?,?,?,?,?,?,?,?,?,?,?,?,?,?,?,?,?,?,?,?,?,?,?,?,?,?,?,?,?,?,?,?,?,?,?,?,?,?,?
'\'(14.4198-14.7306]\'','\'(15.0048-15.3156]\'',?,'\'(-inf-294.5]\'',?,?,?,?,?,?,?,?,?,?,?,?,?,?,?,?,?,?,?,?,?,?,?,?,?,?,?,?,?,?,?,?,?,?,?,?,?,?,?,?,?,?,?,?,?,?,?,?,?,?,?,?,?,?,?,?,?,?,?,?,?,?,?,?,?,?
'\'(14.7306-15.0414]\'','\'(15.3156-15.6264]\'',?,'\'(-inf-294.5]\'',?,?,?,?,?,?,?,?,?,?,?,?,?,?,?,?,?,?,?,?,?,?,?,?,?,?,?,?,?,?,?,?,?,?,?,?,?,?,?,?,?,?,?,?,?,?,?,?,?,?,?,?,?,?,?,?,?,?,?,?,?,?,?,?,?,?
'\'(14.4198-14.7306]\'','\'(15.0048-15.3156]\'',?,'\'(-inf-294.5]\'',?,?,?,?,?,?,?,?,?,?,?,?,?,?,?,?,?,?,?,?,?,?,?,?,?,?,?,?,?,?,?,?,?,?,?,?,?,?,?,?,?,?,?,?,?,?,?,?,?,?,?,?,?,?,?,?,?,?,?,?,?,?,?,?,?,?
'\'(-inf-14.4198]\'','\'(-inf-15.0048]\'',?,'\'(-inf-294.5]\'',?,?,?,?,?,?,?,?,?,?,?,?,?,?,?,?,?,?,?,?,?,?,?,?,?,?,?,?,?,?,?,?,?,?,?,?,?,?,?,?,?,?,?,?,?,?,?,?,?,?,?,?,?,?,?,?,?,?,?,?,?,?,?,?,?,?
'\'(14.4198-14.7306]\'','\'(15.0048-15.3156]\'',?,'\'(-inf-294.5]\'',?,?,?,?,?,?,?,?,?,?,?,?,?,?,?,?,?,?,?,?,?,?,?,?,?,?,?,?,?,?,?,?,?,?,?,?,?,?,?,?,?,?,?,?,?,?,?,?,?,?,?,?,?,?,?,?,?,?,?,?,?,?,?,?,?,?
'\'(14.4198-14.7306]\'','\'(15.0048-15.3156]\'',?,'\'(-inf-294.5]\'',?,?,?,?,?,?,?,?,?,?,?,?,?,?,?,?,?,?,?,?,?,?,?,?,?,?,?,?,?,?,?,?,?,?,?,?,?,?,?,?,?,?,?,?,?,?,?,?,?,?,?,?,?,?,?,?,?,?,?,?,?,?,?,?,?,?
'\'(-inf-14.4198]\'','\'(-inf-15.0048]\'',?,'\'(-inf-294.5]\'',?,?,?,?,?,?,?,?,?,?,?,?,?,?,?,?,?,?,?,?,?,?,?,?,?,?,?,?,?,?,?,?,?,?,?,?,?,?,?,?,?,?,?,?,?,?,?,?,?,?,?,?,?,?,?,?,?,?,?,?,?,?,?,?,?,?
'\'(-inf-14.4198]\'','\'(-inf-15.0048]\'',?,'\'(-inf-294.5]\'',?,?,?,?,?,?,?,?,?,?,?,?,?,?,?,?,?,?,?,?,?,?,?,?,?,?,?,?,?,?,?,?,?,?,?,?,?,?,?,?,?,?,?,?,?,?,?,?,?,?,?,?,?,?,?,?,?,?,?,?,?,?,?,?,?,?
'\'(-inf-14.4198]\'','\'(-inf-15.0048]\'',?,'\'(-inf-294.5]\'',?,?,?,?,?,?,?,?,?,?,?,?,?,?,?,?,?,?,?,?,?,?,?,?,?,?,?,?,?,?,?,?,?,?,?,?,?,?,?,?,?,?,?,?,?,?,?,?,?,?,?,?,?,?,?,?,?,?,?,?,?,?,?,?,?,?
'\'(-inf-14.4198]\'','\'(-inf-15.0048]\'',?,'\'(-inf-294.5]\'',?,?,?,?,?,?,?,?,?,?,?,?,?,?,?,?,?,?,?,?,?,?,?,?,?,?,?,?,?,?,?,?,?,?,?,?,?,?,?,?,?,?,?,?,?,?,?,?,?,?,?,?,?,?,?,?,?,?,?,?,?,?,?,?,?,?
'\'(-inf-14.4198]\'','\'(-inf-15.0048]\'',?,'\'(-inf-294.5]\'',?,?,?,?,?,?,?,?,?,?,?,?,?,?,?,?,?,?,?,?,?,?,?,?,?,?,?,?,?,?,?,?,?,?,?,?,?,?,?,?,?,?,?,?,?,?,?,?,?,?,?,?,?,?,?,?,?,?,?,?,?,?,?,?,?,?
'\'(-inf-14.4198]\'','\'(-inf-15.0048]\'',?,'\'(-inf-294.5]\'',?,?,?,?,?,?,?,?,?,?,?,?,?,?,?,?,?,?,?,?,?,?,?,?,?,?,?,?,?,?,?,?,?,?,?,?,?,?,?,?,?,?,?,?,?,?,?,?,?,?,?,?,?,?,?,?,?,?,?,?,?,?,?,?,?,?
'\'(14.4198-14.7306]\'','\'(15.0048-15.3156]\'',?,'\'(-inf-294.5]\'',?,?,?,?,?,?,?,?,?,?,?,?,?,?,?,?,?,?,?,?,?,?,?,?,?,?,?,?,?,?,?,?,?,?,?,?,?,?,?,?,?,?,?,?,?,?,?,?,?,?,?,?,?,?,?,?,?,?,?,?,?,?,?,?,?,?
'\'(-inf-14.4198]\'','\'(-inf-15.0048]\'',?,'\'(-inf-294.5]\'',?,?,?,?,?,?,?,?,?,?,?,?,?,?,?,?,?,?,?,?,?,?,?,?,?,?,?,?,?,?,?,?,?,?,?,?,?,?,?,?,?,?,?,?,?,?,?,?,?,?,?,?,?,?,?,?,?,?,?,?,?,?,?,?,?,?
'\'(-inf-14.4198]\'','\'(-inf-15.0048]\'',?,'\'(-inf-294.5]\'',?,?,?,?,?,?,?,?,?,?,?,?,?,?,?,?,?,?,?,?,?,?,?,?,?,?,?,?,?,?,?,?,?,?,?,?,?,?,?,?,?,?,?,?,?,?,?,?,?,?,?,?,?,?,?,?,?,?,?,?,?,?,?,?,?,?
'\'(-inf-14.4198]\'','\'(-inf-15.0048]\'',?,'\'(-inf-294.5]\'',?,?,?,?,?,?,?,?,?,?,?,?,?,?,?,?,?,?,?,?,?,?,?,?,?,?,?,?,?,?,?,?,?,?,?,?,?,?,?,?,?,?,?,?,?,?,?,?,?,?,?,?,?,?,?,?,?,?,?,?,?,?,?,?,?,?
'\'(-inf-14.4198]\'','\'(-inf-15.0048]\'',?,'\'(294.5-304.3]\'',?,?,?,?,?,?,?,?,?,?,?,?,?,?,?,?,?,?,?,?,?,?,?,?,?,?,?,?,?,?,?,?,?,?,?,?,?,?,?,?,?,?,?,?,?,?,?,?,?,?,?,?,?,?,?,?,?,?,?,?,?,?,?,?,?,?
'\'(-inf-14.4198]\'','\'(-inf-15.0048]\'',?,'\'(294.5-304.3]\'',?,?,?,?,?,?,?,?,?,?,?,?,?,?,?,?,?,?,?,?,?,?,?,?,?,?,?,?,?,?,?,?,?,?,?,?,?,?,?,?,?,?,?,?,?,?,?,?,?,?,?,?,?,?,?,?,?,?,?,?,?,?,?,?,?,?
'\'(-inf-14.4198]\'','\'(-inf-15.0048]\'',?,'\'(294.5-304.3]\'',?,?,?,?,?,?,?,?,?,?,?,?,?,?,?,?,?,?,?,?,?,?,?,?,?,?,?,?,?,?,?,?,?,?,?,?,?,?,?,?,?,?,?,?,?,?,?,?,?,?,?,?,?,?,?,?,?,?,?,?,?,?,?,?,?,?
'\'(14.4198-14.7306]\'','\'(15.0048-15.3156]\'',?,'\'(294.5-304.3]\'',?,?,?,?,?,?,?,?,?,?,?,?,?,?,?,?,?,?,?,?,?,?,?,?,?,?,?,?,?,?,?,?,?,?,?,?,?,?,?,?,?,?,?,?,?,?,?,?,?,?,?,?,?,?,?,?,?,?,?,?,?,?,?,?,?,?
'\'(14.4198-14.7306]\'','\'(15.0048-15.3156]\'',?,'\'(294.5-304.3]\'',?,?,?,?,?,?,?,?,?,?,?,?,?,?,?,?,?,?,?,?,?,?,?,?,?,?,?,?,?,?,?,?,?,?,?,?,?,?,?,?,?,?,?,?,?,?,?,?,?,?,?,?,?,?,?,?,?,?,?,?,?,?,?,?,?,?
'\'(-inf-14.4198]\'','\'(-inf-15.0048]\'',?,'\'(294.5-304.3]\'',?,?,?,?,?,?,?,?,?,?,?,?,?,?,?,?,?,?,?,?,?,?,?,?,?,?,?,?,?,?,?,?,?,?,?,?,?,?,?,?,?,?,?,?,?,?,?,?,?,?,?,?,?,?,?,?,?,?,?,?,?,?,?,?,?,?
'\'(14.4198-14.7306]\'','\'(15.0048-15.3156]\'',?,'\'(294.5-304.3]\'',?,?,?,?,?,?,?,?,?,?,?,?,?,?,?,?,?,?,?,?,?,?,?,?,?,?,?,?,?,?,?,?,?,?,?,?,?,?,?,?,?,?,?,?,?,?,?,?,?,?,?,?,?,?,?,?,?,?,?,?,?,?,?,?,?,?
'\'(14.4198-14.7306]\'','\'(15.0048-15.3156]\'',?,'\'(294.5-304.3]\'',?,?,?,?,?,?,?,?,?,?,?,?,?,?,?,?,?,?,?,?,?,?,?,?,?,?,?,?,?,?,?,?,?,?,?,?,?,?,?,?,?,?,?,?,?,?,?,?,?,?,?,?,?,?,?,?,?,?,?,?,?,?,?,?,?,?
'\'(14.4198-14.7306]\'','\'(15.0048-15.3156]\'',?,'\'(294.5-304.3]\'',?,?,?,?,?,?,?,?,?,?,?,?,?,?,?,?,?,?,?,?,?,?,?,?,?,?,?,?,?,?,?,?,?,?,?,?,?,?,?,?,?,?,?,?,?,?,?,?,?,?,?,?,?,?,?,?,?,?,?,?,?,?,?,?,?,?
'\'(-inf-14.4198]\'','\'(-inf-15.0048]\'',?,'\'(294.5-304.3]\'',?,?,?,?,?,?,?,?,?,?,?,?,?,?,?,?,?,?,?,?,?,?,?,?,?,?,?,?,?,?,?,?,?,?,?,?,?,?,?,?,?,?,?,?,?,?,?,?,?,?,?,?,?,?,?,?,?,?,?,?,?,?,?,?,?,?
'\'(-inf-14.4198]\'','\'(-inf-15.0048]\'',?,'\'(294.5-304.3]\'',?,?,?,?,?,?,?,?,?,?,?,?,?,?,?,?,?,?,?,?,?,?,?,?,?,?,?,?,?,?,?,?,?,?,?,?,?,?,?,?,?,?,?,?,?,?,?,?,?,?,?,?,?,?,?,?,?,?,?,?,?,?,?,?,?,?
'\'(-inf-14.4198]\'','\'(-inf-15.0048]\'',?,'\'(294.5-304.3]\'',?,?,?,?,?,?,?,?,?,?,?,?,?,?,?,?,?,?,?,?,?,?,?,?,?,?,?,?,?,?,?,?,?,?,?,?,?,?,?,?,?,?,?,?,?,?,?,?,?,?,?,?,?,?,?,?,?,?,?,?,?,?,?,?,?,?
'\'(-inf-14.4198]\'','\'(-inf-15.0048]\'',?,'\'(294.5-304.3]\'',?,?,?,?,?,?,?,?,?,?,?,?,?,?,?,?,?,?,?,?,?,?,?,?,?,?,?,?,?,?,?,?,?,?,?,?,?,?,?,?,?,?,?,?,?,?,?,?,?,?,?,?,?,?,?,?,?,?,?,?,?,?,?,?,?,?
'\'(14.4198-14.7306]\'','\'(15.0048-15.3156]\'',?,'\'(294.5-304.3]\'',?,?,?,?,?,?,?,?,?,?,?,?,?,?,?,?,?,?,?,?,?,?,?,?,?,?,?,?,?,?,?,?,?,?,?,?,?,?,?,?,?,?,?,?,?,?,?,?,?,?,?,?,?,?,?,?,?,?,?,?,?,?,?,?,?,?
'\'(-inf-14.4198]\'','\'(-inf-15.0048]\'',?,'\'(294.5-304.3]\'',?,?,?,?,?,?,?,?,?,?,?,?,?,?,?,?,?,?,?,?,?,?,?,?,?,?,?,?,?,?,?,?,?,?,?,?,?,?,?,?,?,?,?,?,?,?,?,?,?,?,?,?,?,?,?,?,?,?,?,?,?,?,?,?,?,?
'\'(-inf-14.4198]\'','\'(-inf-15.0048]\'',?,'\'(294.5-304.3]\'',?,?,?,?,?,?,?,?,?,?,?,?,?,?,?,?,?,?,?,?,?,?,?,?,?,?,?,?,?,?,?,?,?,?,?,?,?,?,?,?,?,?,?,?,?,?,?,?,?,?,?,?,?,?,?,?,?,?,?,?,?,?,?,?,?,?
'\'(-inf-14.4198]\'','\'(-inf-15.0048]\'',?,'\'(294.5-304.3]\'',?,?,?,?,?,?,?,?,?,?,?,?,?,?,?,?,?,?,?,?,?,?,?,?,?,?,?,?,?,?,?,?,?,?,?,?,?,?,?,?,?,?,?,?,?,?,?,?,?,?,?,?,?,?,?,?,?,?,?,?,?,?,?,?,?,?
'\'(-inf-14.4198]\'','\'(-inf-15.0048]\'',?,'\'(294.5-304.3]\'',?,?,?,?,?,?,?,?,?,?,?,?,?,?,?,?,?,?,?,?,?,?,?,?,?,?,?,?,?,?,?,?,?,?,?,?,?,?,?,?,?,?,?,?,?,?,?,?,?,?,?,?,?,?,?,?,?,?,?,?,?,?,?,?,?,?
'\'(-inf-14.4198]\'','\'(-inf-15.0048]\'',?,'\'(294.5-304.3]\'',?,?,?,?,?,?,?,?,?,?,?,?,?,?,?,?,?,?,?,?,?,?,?,?,?,?,?,?,?,?,?,?,?,?,?,?,?,?,?,?,?,?,?,?,?,?,?,?,?,?,?,?,?,?,?,?,?,?,?,?,?,?,?,?,?,?
'\'(-inf-14.4198]\'','\'(-inf-15.0048]\'',?,'\'(294.5-304.3]\'',?,?,?,?,?,?,?,?,?,?,?,?,?,?,?,?,?,?,?,?,?,?,?,?,?,?,?,?,?,?,?,?,?,?,?,?,?,?,?,?,?,?,?,?,?,?,?,?,?,?,?,?,?,?,?,?,?,?,?,?,?,?,?,?,?,?
'\'(-inf-14.4198]\'','\'(-inf-15.0048]\'',?,'\'(294.5-304.3]\'',?,?,?,?,?,?,?,?,?,?,?,?,?,?,?,?,?,?,?,?,?,?,?,?,?,?,?,?,?,?,?,?,?,?,?,?,?,?,?,?,?,?,?,?,?,?,?,?,?,?,?,?,?,?,?,?,?,?,?,?,?,?,?,?,?,?
'\'(14.4198-14.7306]\'','\'(15.0048-15.3156]\'',?,'\'(294.5-304.3]\'',?,?,?,?,?,?,?,?,?,?,?,?,?,?,?,?,?,?,?,?,?,?,?,?,?,?,?,?,?,?,?,?,?,?,?,?,?,?,?,?,?,?,?,?,?,?,?,?,?,?,?,?,?,?,?,?,?,?,?,?,?,?,?,?,?,?
'\'(14.4198-14.7306]\'','\'(15.0048-15.3156]\'',?,'\'(294.5-304.3]\'',?,?,?,?,?,?,?,?,?,?,?,?,?,?,?,?,?,?,?,?,?,?,?,?,?,?,?,?,?,?,?,?,?,?,?,?,?,?,?,?,?,?,?,?,?,?,?,?,?,?,?,?,?,?,?,?,?,?,?,?,?,?,?,?,?,?
'\'(-inf-14.4198]\'','\'(-inf-15.0048]\'',?,'\'(294.5-304.3]\'',?,?,?,?,?,?,?,?,?,?,?,?,?,?,?,?,?,?,?,?,?,?,?,?,?,?,?,?,?,?,?,?,?,?,?,?,?,?,?,?,?,?,?,?,?,?,?,?,?,?,?,?,?,?,?,?,?,?,?,?,?,?,?,?,?,?
'\'(-inf-14.4198]\'','\'(-inf-15.0048]\'',?,'\'(294.5-304.3]\'',?,?,?,?,?,?,?,?,?,?,?,?,?,?,?,?,?,?,?,?,?,?,?,?,?,?,?,?,?,?,?,?,?,?,?,?,?,?,?,?,?,?,?,?,?,?,?,?,?,?,?,?,?,?,?,?,?,?,?,?,?,?,?,?,?,?
'\'(-inf-14.4198]\'','\'(-inf-15.0048]\'',?,'\'(294.5-304.3]\'',?,?,?,?,?,?,?,?,?,?,?,?,?,?,?,?,?,?,?,?,?,?,?,?,?,?,?,?,?,?,?,?,?,?,?,?,?,?,?,?,?,?,?,?,?,?,?,?,?,?,?,?,?,?,?,?,?,?,?,?,?,?,?,?,?,?
'\'(-inf-14.4198]\'','\'(-inf-15.0048]\'',?,'\'(294.5-304.3]\'',?,?,?,?,?,?,?,?,?,?,?,?,?,?,?,?,?,?,?,?,?,?,?,?,?,?,?,?,?,?,?,?,?,?,?,?,?,?,?,?,?,?,?,?,?,?,?,?,?,?,?,?,?,?,?,?,?,?,?,?,?,?,?,?,?,?
'\'(14.4198-14.7306]\'','\'(15.0048-15.3156]\'',?,'\'(294.5-304.3]\'',?,?,?,?,?,?,?,?,?,?,?,?,?,?,?,?,?,?,?,?,?,?,?,?,?,?,?,?,?,?,?,?,?,?,?,?,?,?,?,?,?,?,?,?,?,?,?,?,?,?,?,?,?,?,?,?,?,?,?,?,?,?,?,?,?,?
'\'(14.4198-14.7306]\'','\'(15.0048-15.3156]\'',?,'\'(294.5-304.3]\'',?,?,?,?,?,?,?,?,?,?,?,?,?,?,?,?,?,?,?,?,?,?,?,?,?,?,?,?,?,?,?,?,?,?,?,?,?,?,?,?,?,?,?,?,?,?,?,?,?,?,?,?,?,?,?,?,?,?,?,?,?,?,?,?,?,?
'\'(-inf-14.4198]\'','\'(-inf-15.0048]\'',?,'\'(294.5-304.3]\'',?,?,?,?,?,?,?,?,?,?,?,?,?,?,?,?,?,?,?,?,?,?,?,?,?,?,?,?,?,?,?,?,?,?,?,?,?,?,?,?,?,?,?,?,?,?,?,?,?,?,?,?,?,?,?,?,?,?,?,?,?,?,?,?,?,?
'\'(14.4198-14.7306]\'','\'(15.0048-15.3156]\'',?,'\'(294.5-304.3]\'',?,?,?,?,?,?,?,?,?,?,?,?,?,?,?,?,?,?,?,?,?,?,?,?,?,?,?,?,?,?,?,?,?,?,?,?,?,?,?,?,?,?,?,?,?,?,?,?,?,?,?,?,?,?,?,?,?,?,?,?,?,?,?,?,?,?
'\'(14.4198-14.7306]\'','\'(15.0048-15.3156]\'',?,'\'(304.3-314.1]\'',?,?,?,?,?,?,?,?,?,?,?,?,?,?,?,?,?,?,?,?,?,?,?,?,?,?,?,?,?,?,?,?,?,?,?,?,?,?,?,?,?,?,?,?,?,?,?,?,?,?,?,?,?,?,?,?,?,?,?,?,?,?,?,?,?,?
'\'(14.4198-14.7306]\'','\'(15.0048-15.3156]\'',?,'\'(304.3-314.1]\'',?,?,?,?,?,?,?,?,?,?,?,?,?,?,?,?,?,?,?,?,?,?,?,?,?,?,?,?,?,?,?,?,?,?,?,?,?,?,?,?,?,?,?,?,?,?,?,?,?,?,?,?,?,?,?,?,?,?,?,?,?,?,?,?,?,?
'\'(14.4198-14.7306]\'','\'(15.0048-15.3156]\'',?,'\'(304.3-314.1]\'',?,?,?,?,?,?,?,?,?,?,?,?,?,?,?,?,?,?,?,?,?,?,?,?,?,?,?,?,?,?,?,?,?,?,?,?,?,?,?,?,?,?,?,?,?,?,?,?,?,?,?,?,?,?,?,?,?,?,?,?,?,?,?,?,?,?
'\'(14.4198-14.7306]\'','\'(15.0048-15.3156]\'',?,'\'(304.3-314.1]\'',?,?,?,?,?,?,?,?,?,?,?,?,?,?,?,?,?,?,?,?,?,?,?,?,?,?,?,?,?,?,?,?,?,?,?,?,?,?,?,?,?,?,?,?,?,?,?,?,?,?,?,?,?,?,?,?,?,?,?,?,?,?,?,?,?,?
'\'(14.4198-14.7306]\'','\'(15.0048-15.3156]\'',?,'\'(304.3-314.1]\'',?,?,?,?,?,?,?,?,?,?,?,?,?,?,?,?,?,?,?,?,?,?,?,?,?,?,?,?,?,?,?,?,?,?,?,?,?,?,?,?,?,?,?,?,?,?,?,?,?,?,?,?,?,?,?,?,?,?,?,?,?,?,?,?,?,?
'\'(-inf-14.4198]\'','\'(-inf-15.0048]\'',?,'\'(304.3-314.1]\'',?,?,?,?,?,?,?,?,?,?,?,?,?,?,?,?,?,?,?,?,?,?,?,?,?,?,?,?,?,?,?,?,?,?,?,?,?,?,?,?,?,?,?,?,?,?,?,?,?,?,?,?,?,?,?,?,?,?,?,?,?,?,?,?,?,?
'\'(14.4198-14.7306]\'','\'(15.0048-15.3156]\'',?,'\'(304.3-314.1]\'',?,?,?,?,?,?,?,?,?,?,?,?,?,?,?,?,?,?,?,?,?,?,?,?,?,?,?,?,?,?,?,?,?,?,?,?,?,?,?,?,?,?,?,?,?,?,?,?,?,?,?,?,?,?,?,?,?,?,?,?,?,?,?,?,?,?
'\'(14.4198-14.7306]\'','\'(15.0048-15.3156]\'',?,'\'(304.3-314.1]\'',?,?,?,?,?,?,?,?,?,?,?,?,?,?,?,?,?,?,?,?,?,?,?,?,?,?,?,?,?,?,?,?,?,?,?,?,?,?,?,?,?,?,?,?,?,?,?,?,?,?,?,?,?,?,?,?,?,?,?,?,?,?,?,?,?,?
'\'(14.4198-14.7306]\'','\'(15.0048-15.3156]\'',?,'\'(304.3-314.1]\'',?,?,?,?,?,?,?,?,?,?,?,?,?,?,?,?,?,?,?,?,?,?,?,?,?,?,?,?,?,?,?,?,?,?,?,?,?,?,?,?,?,?,?,?,?,?,?,?,?,?,?,?,?,?,?,?,?,?,?,?,?,?,?,?,?,?
'\'(-inf-14.4198]\'','\'(-inf-15.0048]\'',?,'\'(304.3-314.1]\'',?,?,?,?,?,?,?,?,?,?,?,?,?,?,?,?,?,?,?,?,?,?,?,?,?,?,?,?,?,?,?,?,?,?,?,?,?,?,?,?,?,?,?,?,?,?,?,?,?,?,?,?,?,?,?,?,?,?,?,?,?,?,?,?,?,?
'\'(14.4198-14.7306]\'','\'(15.0048-15.3156]\'',?,'\'(304.3-314.1]\'',?,?,?,?,?,?,?,?,?,?,?,?,?,?,?,?,?,?,?,?,?,?,?,?,?,?,?,?,?,?,?,?,?,?,?,?,?,?,?,?,?,?,?,?,?,?,?,?,?,?,?,?,?,?,?,?,?,?,?,?,?,?,?,?,?,?
'\'(14.4198-14.7306]\'','\'(15.0048-15.3156]\'',?,'\'(304.3-314.1]\'',?,?,?,?,?,?,?,?,?,?,?,?,?,?,?,?,?,?,?,?,?,?,?,?,?,?,?,?,?,?,?,?,?,?,?,?,?,?,?,?,?,?,?,?,?,?,?,?,?,?,?,?,?,?,?,?,?,?,?,?,?,?,?,?,?,?
'\'(14.4198-14.7306]\'','\'(15.0048-15.3156]\'',?,'\'(304.3-314.1]\'',?,?,?,?,?,?,?,?,?,?,?,?,?,?,?,?,?,?,?,?,?,?,?,?,?,?,?,?,?,?,?,?,?,?,?,?,?,?,?,?,?,?,?,?,?,?,?,?,?,?,?,?,?,?,?,?,?,?,?,?,?,?,?,?,?,?
'\'(14.7306-15.0414]\'','\'(15.3156-15.6264]\'',?,'\'(304.3-314.1]\'',?,?,?,?,?,?,?,?,?,?,?,?,?,?,?,?,?,?,?,?,?,?,?,?,?,?,?,?,?,?,?,?,?,?,?,?,?,?,?,?,?,?,?,?,?,?,?,?,?,?,?,?,?,?,?,?,?,?,?,?,?,?,?,?,?,?
'\'(14.7306-15.0414]\'','\'(15.3156-15.6264]\'',?,'\'(304.3-314.1]\'',?,?,?,?,?,?,?,?,?,?,?,?,?,?,?,?,?,?,?,?,?,?,?,?,?,?,?,?,?,?,?,?,?,?,?,?,?,?,?,?,?,?,?,?,?,?,?,?,?,?,?,?,?,?,?,?,?,?,?,?,?,?,?,?,?,?
'\'(14.4198-14.7306]\'','\'(15.0048-15.3156]\'',?,'\'(304.3-314.1]\'',?,?,?,?,?,?,?,?,?,?,?,?,?,?,?,?,?,?,?,?,?,?,?,?,?,?,?,?,?,?,?,?,?,?,?,?,?,?,?,?,?,?,?,?,?,?,?,?,?,?,?,?,?,?,?,?,?,?,?,?,?,?,?,?,?,?
'\'(14.7306-15.0414]\'','\'(15.3156-15.6264]\'',?,'\'(304.3-314.1]\'',?,?,?,?,?,?,?,?,?,?,?,?,?,?,?,?,?,?,?,?,?,?,?,?,?,?,?,?,?,?,?,?,?,?,?,?,?,?,?,?,?,?,?,?,?,?,?,?,?,?,?,?,?,?,?,?,?,?,?,?,?,?,?,?,?,?
'\'(14.7306-15.0414]\'','\'(15.3156-15.6264]\'',?,'\'(304.3-314.1]\'',?,?,?,?,?,?,?,?,?,?,?,?,?,?,?,?,?,?,?,?,?,?,?,?,?,?,?,?,?,?,?,?,?,?,?,?,?,?,?,?,?,?,?,?,?,?,?,?,?,?,?,?,?,?,?,?,?,?,?,?,?,?,?,?,?,?
'\'(14.7306-15.0414]\'','\'(15.3156-15.6264]\'',?,'\'(304.3-314.1]\'',?,?,?,?,?,?,?,?,?,?,?,?,?,?,?,?,?,?,?,?,?,?,?,?,?,?,?,?,?,?,?,?,?,?,?,?,?,?,?,?,?,?,?,?,?,?,?,?,?,?,?,?,?,?,?,?,?,?,?,?,?,?,?,?,?,?
'\'(14.7306-15.0414]\'','\'(15.3156-15.6264]\'',?,'\'(304.3-314.1]\'',?,?,?,?,?,?,?,?,?,?,?,?,?,?,?,?,?,?,?,?,?,?,?,?,?,?,?,?,?,?,?,?,?,?,?,?,?,?,?,?,?,?,?,?,?,?,?,?,?,?,?,?,?,?,?,?,?,?,?,?,?,?,?,?,?,?
'\'(14.7306-15.0414]\'','\'(15.3156-15.6264]\'',?,'\'(304.3-314.1]\'',?,?,?,?,?,?,?,?,?,?,?,?,?,?,?,?,?,?,?,?,?,?,?,?,?,?,?,?,?,?,?,?,?,?,?,?,?,?,?,?,?,?,?,?,?,?,?,?,?,?,?,?,?,?,?,?,?,?,?,?,?,?,?,?,?,?
'\'(14.7306-15.0414]\'','\'(15.3156-15.6264]\'',?,'\'(304.3-314.1]\'',?,?,?,?,?,?,?,?,?,?,?,?,?,?,?,?,?,?,?,?,?,?,?,?,?,?,?,?,?,?,?,?,?,?,?,?,?,?,?,?,?,?,?,?,?,?,?,?,?,?,?,?,?,?,?,?,?,?,?,?,?,?,?,?,?,?
'\'(14.4198-14.7306]\'','\'(15.0048-15.3156]\'',?,'\'(304.3-314.1]\'',?,?,?,?,?,?,?,?,?,?,?,?,?,?,?,?,?,?,?,?,?,?,?,?,?,?,?,?,?,?,?,?,?,?,?,?,?,?,?,?,?,?,?,?,?,?,?,?,?,?,?,?,?,?,?,?,?,?,?,?,?,?,?,?,?,?
'\'(14.7306-15.0414]\'','\'(15.3156-15.6264]\'',?,'\'(304.3-314.1]\'',?,?,?,?,?,?,?,?,?,?,?,?,?,?,?,?,?,?,?,?,?,?,?,?,?,?,?,?,?,?,?,?,?,?,?,?,?,?,?,?,?,?,?,?,?,?,?,?,?,?,?,?,?,?,?,?,?,?,?,?,?,?,?,?,?,?
'\'(14.4198-14.7306]\'','\'(15.0048-15.3156]\'',?,'\'(304.3-314.1]\'',?,?,?,?,?,?,?,?,?,?,?,?,?,?,?,?,?,?,?,?,?,?,?,?,?,?,?,?,?,?,?,?,?,?,?,?,?,?,?,?,?,?,?,?,?,?,?,?,?,?,?,?,?,?,?,?,?,?,?,?,?,?,?,?,?,?
'\'(14.4198-14.7306]\'','\'(15.0048-15.3156]\'',?,'\'(304.3-314.1]\'',?,?,?,?,?,?,?,?,?,?,?,?,?,?,?,?,?,?,?,?,?,?,?,?,?,?,?,?,?,?,?,?,?,?,?,?,?,?,?,?,?,?,?,?,?,?,?,?,?,?,?,?,?,?,?,?,?,?,?,?,?,?,?,?,?,?
'\'(14.4198-14.7306]\'','\'(15.0048-15.3156]\'',?,'\'(304.3-314.1]\'',?,?,?,?,?,?,?,?,?,?,?,?,?,?,?,?,?,?,?,?,?,?,?,?,?,?,?,?,?,?,?,?,?,?,?,?,?,?,?,?,?,?,?,?,?,?,?,?,?,?,?,?,?,?,?,?,?,?,?,?,?,?,?,?,?,?
'\'(14.4198-14.7306]\'','\'(15.0048-15.3156]\'',?,'\'(304.3-314.1]\'',?,?,?,?,?,?,?,?,?,?,?,?,?,?,?,?,?,?,?,?,?,?,?,?,?,?,?,?,?,?,?,?,?,?,?,?,?,?,?,?,?,?,?,?,?,?,?,?,?,?,?,?,?,?,?,?,?,?,?,?,?,?,?,?,?,?
'\'(14.7306-15.0414]\'','\'(15.3156-15.6264]\'',?,'\'(304.3-314.1]\'',?,?,?,?,?,?,?,?,?,?,?,?,?,?,?,?,?,?,?,?,?,?,?,?,?,?,?,?,?,?,?,?,?,?,?,?,?,?,?,?,?,?,?,?,?,?,?,?,?,?,?,?,?,?,?,?,?,?,?,?,?,?,?,?,?,?
'\'(14.7306-15.0414]\'','\'(15.3156-15.6264]\'',?,'\'(304.3-314.1]\'',?,?,?,?,?,?,?,?,?,?,?,?,?,?,?,?,?,?,?,?,?,?,?,?,?,?,?,?,?,?,?,?,?,?,?,?,?,?,?,?,?,?,?,?,?,?,?,?,?,?,?,?,?,?,?,?,?,?,?,?,?,?,?,?,?,?
'\'(14.4198-14.7306]\'','\'(15.0048-15.3156]\'',?,'\'(304.3-314.1]\'',?,?,?,?,?,?,?,?,?,?,?,?,?,?,?,?,?,?,?,?,?,?,?,?,?,?,?,?,?,?,?,?,?,?,?,?,?,?,?,?,?,?,?,?,?,?,?,?,?,?,?,?,?,?,?,?,?,?,?,?,?,?,?,?,?,?
'\'(14.4198-14.7306]\'','\'(15.0048-15.3156]\'',?,'\'(304.3-314.1]\'',?,?,?,?,?,?,?,?,?,?,?,?,?,?,?,?,?,?,?,?,?,?,?,?,?,?,?,?,?,?,?,?,?,?,?,?,?,?,?,?,?,?,?,?,?,?,?,?,?,?,?,?,?,?,?,?,?,?,?,?,?,?,?,?,?,?
'\'(14.4198-14.7306]\'','\'(15.0048-15.3156]\'',?,'\'(304.3-314.1]\'',?,?,?,?,?,?,?,?,?,?,?,?,?,?,?,?,?,?,?,?,?,?,?,?,?,?,?,?,?,?,?,?,?,?,?,?,?,?,?,?,?,?,?,?,?,?,?,?,?,?,?,?,?,?,?,?,?,?,?,?,?,?,?,?,?,?
'\'(14.7306-15.0414]\'','\'(15.3156-15.6264]\'',?,'\'(314.1-323.9]\'',?,?,?,?,?,?,?,?,?,?,?,?,?,?,?,?,?,?,?,?,?,?,?,?,?,?,?,?,?,?,?,?,?,?,?,?,?,?,?,?,?,?,?,?,?,?,?,?,?,?,?,?,?,?,?,?,?,?,?,?,?,?,?,?,?,?
'\'(14.7306-15.0414]\'','\'(15.3156-15.6264]\'',?,'\'(314.1-323.9]\'',?,?,?,?,?,?,?,?,?,?,?,?,?,?,?,?,?,?,?,?,?,?,?,?,?,?,?,?,?,?,?,?,?,?,?,?,?,?,?,?,?,?,?,?,?,?,?,?,?,?,?,?,?,?,?,?,?,?,?,?,?,?,?,?,?,?
'\'(14.7306-15.0414]\'','\'(15.3156-15.6264]\'',?,'\'(314.1-323.9]\'',?,?,?,?,?,?,?,?,?,?,'\'(-inf-333.618]\'',?,?,?,?,?,?,?,?,?,?,?,?,?,?,?,?,?,?,?,?,?,?,?,?,?,?,?,?,?,?,?,?,?,?,?,?,?,?,?,?,?,?,?,?,?,?,?,?,?,?,?,?,?,?,?
'\'(14.4198-14.7306]\'','\'(15.0048-15.3156]\'',?,'\'(314.1-323.9]\'',?,?,?,?,?,?,?,?,?,?,'\'(-inf-333.618]\'','\'(-inf-37.61806]\'','\'(-inf-1600314542.4]\'',?,'\'(-inf-3897351911]\'',?,?,?,?,?,'\'(154.66-inf)\'',?,?,?,?,'\'(-inf-15.712933]\'',?,?,?,?,?,?,?,?,'\'(-inf-10.967788]\'','\'(-inf-1990447.6]\'',?,?,'\'(-inf-3.450233]\'','\'(-inf-36.066481]\'','\'(-inf-4841384.6192]\'','\'(-inf-14678352.6744]\'','\'(0.768578-inf)\'','\'(50.668939-inf)\'','\'(-inf-6967399.7424]\'','\'(2.85569-inf)\'',?,?,?,?,?,'\'(-inf-288432000000]\'',?,?,?,?,?,?,?,?,?,?,?,?,?,?
'\'(14.7306-15.0414]\'','\'(15.3156-15.6264]\'',?,'\'(314.1-323.9]\'',?,?,?,?,?,?,?,?,?,?,'\'(-inf-333.618]\'','\'(-inf-37.61806]\'','\'(-inf-1600314542.4]\'','\'(2.756042-2.988887]\'','\'(-inf-3897351911]\'','\'(-inf-1.364626]\'',?,?,?,?,'\'(154.66-inf)\'',?,?,?,?,'\'(-inf-15.712933]\'',?,?,?,?,?,?,?,?,'\'(-inf-10.967788]\'','\'(-inf-1990447.6]\'',?,?,'\'(-inf-3.450233]\'','\'(-inf-36.066481]\'','\'(-inf-4841384.6192]\'','\'(-inf-14678352.6744]\'','\'(0.768578-inf)\'','\'(50.668939-inf)\'','\'(-inf-6967399.7424]\'','\'(2.85569-inf)\'',?,?,?,?,?,'\'(-inf-288432000000]\'',?,?,?,?,?,?,?,?,'\'(-inf-1918.701242]\'',?,?,'\'(-inf-9.939207]\'','\'(-inf-36.71657]\'',
'\'(14.7306-15.0414]\'','\'(15.3156-15.6264]\'',?,'\'(314.1-323.9]\'',?,?,?,?,?,?,?,?,?,?,'\'(-inf-333.618]\'','\'(-inf-37.61806]\'','\'(-inf-1600314542.4]\'','\'(2.988887-inf)\'','\'(-inf-3897351911]\'','\'(1.550253-1.735881]\'',?,?,?,?,'\'(154.66-inf)\'',?,?,?,?,'\'(-inf-15.712933]\'',?,?,?,?,?,?,?,?,'\'(-inf-10.967788]\'','\'(-inf-1990447.6]\'',?,?,'\'(-inf-3.450233]\'','\'(36.066481-39.236071]\'','\'(-inf-4841384.6192]\'','\'(-inf-14678352.6744]\'','\'(0.768578-inf)\'','\'(46.508611-50.668939]\'','\'(-inf-6967399.7424]\'','\'(2.85569-inf)\'',?,?,?,?,?,'\'(-inf-288432000000]\'',?,?,?,?,?,?,?,?,'\'(-inf-1918.701242]\'',?,?,'\'(-inf-9.939207]\'','\'(-inf-36.71657]\'',
'\'(14.7306-15.0414]\'','\'(15.3156-15.6264]\'',?,'\'(314.1-323.9]\'',?,?,?,?,?,?,?,?,?,?,'\'(-inf-333.618]\'','\'(-inf-37.61806]\'','\'(-inf-1600314542.4]\'','\'(2.988887-inf)\'','\'(-inf-3897351911]\'','\'(1.921508-inf)\'',?,?,?,?,'\'(154.66-inf)\'',?,?,?,?,'\'(-inf-15.712933]\'',?,?,?,?,?,?,?,?,'\'(-inf-10.967788]\'','\'(-inf-1990447.6]\'',?,?,'\'(-inf-3.450233]\'','\'(36.066481-39.236071]\'','\'(-inf-4841384.6192]\'','\'(-inf-14678352.6744]\'','\'(0.768578-inf)\'','\'(46.508611-50.668939]\'','\'(-inf-6967399.7424]\'','\'(2.85569-inf)\'',?,?,?,?,?,'\'(-inf-288432000000]\'',?,?,?,?,?,?,?,?,'\'(-inf-1918.701242]\'',?,?,'\'(-inf-9.939207]\'','\'(-inf-36.71657]\'',
'\'(14.4198-14.7306]\'','\'(15.0048-15.3156]\'',?,'\'(314.1-323.9]\'',?,?,?,?,?,?,?,?,?,?,'\'(-inf-333.618]\'','\'(-inf-37.61806]\'','\'(-inf-1600314542.4]\'','\'(2.988887-inf)\'','\'(-inf-3897351911]\'','\'(1.921508-inf)\'',?,?,?,?,'\'(154.66-inf)\'',?,?,?,?,'\'(-inf-15.712933]\'',?,?,?,?,?,?,?,?,'\'(-inf-10.967788]\'','\'(-inf-1990447.6]\'',?,?,'\'(-inf-3.450233]\'','\'(36.066481-39.236071]\'','\'(-inf-4841384.6192]\'','\'(-inf-14678352.6744]\'','\'(0.768578-inf)\'','\'(46.508611-50.668939]\'','\'(-inf-6967399.7424]\'','\'(2.85569-inf)\'',?,?,?,?,?,'\'(-inf-288432000000]\'',?,?,?,?,?,?,?,?,'\'(-inf-1918.701242]\'',?,?,'\'(-inf-9.939207]\'','\'(-inf-36.71657]\'',
'\'(14.4198-14.7306]\'','\'(15.0048-15.3156]\'',?,'\'(314.1-323.9]\'',?,?,?,?,?,?,?,?,?,?,'\'(-inf-333.618]\'','\'(-inf-37.61806]\'','\'(-inf-1600314542.4]\'','\'(2.523197-2.756042]\'','\'(-inf-3897351911]\'','\'(1.921508-inf)\'',?,?,?,?,'\'(154.66-inf)\'',?,?,?,?,'\'(-inf-15.712933]\'',?,?,?,?,?,?,?,?,'\'(-inf-10.967788]\'','\'(-inf-1990447.6]\'',?,?,'\'(-inf-3.450233]\'','\'(36.066481-39.236071]\'','\'(-inf-4841384.6192]\'','\'(-inf-14678352.6744]\'','\'(0.768578-inf)\'','\'(46.508611-50.668939]\'','\'(-inf-6967399.7424]\'','\'(2.85569-inf)\'',?,?,?,?,?,'\'(-inf-288432000000]\'',?,?,?,?,?,?,?,?,'\'(-inf-1918.701242]\'',?,?,'\'(9.939207-10.185329]\'','\'(-inf-36.71657]\'',
'\'(14.4198-14.7306]\'','\'(15.0048-15.3156]\'',?,'\'(314.1-323.9]\'',?,?,?,?,?,?,?,?,?,?,'\'(-inf-333.618]\'','\'(-inf-37.61806]\'','\'(-inf-1600314542.4]\'','\'(2.523197-2.756042]\'','\'(-inf-3897351911]\'','\'(1.921508-inf)\'',?,?,?,?,'\'(154.66-inf)\'',?,?,?,?,'\'(-inf-15.712933]\'',?,?,?,?,?,?,?,?,'\'(10.967788-13.066757]\'','\'(-inf-1990447.6]\'',?,?,'\'(3.450233-3.838203]\'','\'(39.236071-42.405661]\'','\'(-inf-4841384.6192]\'','\'(-inf-14678352.6744]\'','\'(0.768578-inf)\'','\'(42.348282-46.508611]\'','\'(-inf-6967399.7424]\'','\'(2.85569-inf)\'',?,?,?,?,?,'\'(-inf-288432000000]\'',?,?,?,?,?,?,?,?,'\'(-inf-1918.701242]\'',?,?,'\'(9.939207-10.185329]\'','\'(-inf-36.71657]\'',
'\'(14.4198-14.7306]\'','\'(15.0048-15.3156]\'',?,'\'(314.1-323.9]\'',?,?,?,?,?,?,?,?,?,?,'\'(-inf-333.618]\'','\'(-inf-37.61806]\'','\'(-inf-1600314542.4]\'','\'(2.523197-2.756042]\'','\'(-inf-3897351911]\'','\'(1.921508-inf)\'',?,?,?,?,'\'(154.66-inf)\'',?,?,?,?,'\'(-inf-15.712933]\'',?,?,?,?,?,?,?,?,'\'(10.967788-13.066757]\'','\'(-inf-1990447.6]\'',?,?,'\'(3.450233-3.838203]\'','\'(39.236071-42.405661]\'','\'(4841384.6192-6579306.4644]\'','\'(-inf-14678352.6744]\'','\'(0.699016-0.768578]\'','\'(42.348282-46.508611]\'','\'(-inf-6967399.7424]\'','\'(2.749889-2.85569]\'',?,?,?,?,?,'\'(-inf-288432000000]\'',?,?,?,?,?,?,?,?,'\'(-inf-1918.701242]\'',?,?,'\'(9.939207-10.185329]\'','\'(-inf-36.71657]\'',
'\'(14.4198-14.7306]\'','\'(15.0048-15.3156]\'',?,'\'(314.1-323.9]\'',?,?,?,?,?,?,?,?,?,?,'\'(-inf-333.618]\'','\'(-inf-37.61806]\'','\'(-inf-1600314542.4]\'','\'(2.523197-2.756042]\'','\'(-inf-3897351911]\'','\'(1.921508-inf)\'',?,?,?,?,'\'(154.66-inf)\'',?,?,?,?,'\'(-inf-15.712933]\'',?,?,?,?,?,?,?,?,'\'(10.967788-13.066757]\'','\'(-inf-1990447.6]\'',?,?,'\'(3.450233-3.838203]\'','\'(42.405661-45.575251]\'','\'(4841384.6192-6579306.4644]\'','\'(-inf-14678352.6744]\'','\'(0.699016-0.768578]\'','\'(38.187954-42.348282]\'','\'(-inf-6967399.7424]\'','\'(2.749889-2.85569]\'',?,?,?,?,?,'\'(-inf-288432000000]\'',?,?,?,?,?,?,?,?,'\'(-inf-1918.701242]\'',?,?,'\'(9.939207-10.185329]\'','\'(36.71657-37.404951]\'',
'\'(14.7306-15.0414]\'','\'(15.3156-15.6264]\'',?,'\'(314.1-323.9]\'',?,?,?,?,?,?,?,?,?,?,'\'(-inf-333.618]\'','\'(-inf-37.61806]\'','\'(-inf-1600314542.4]\'','\'(2.523197-2.756042]\'','\'(-inf-3897351911]\'','\'(1.921508-inf)\'',?,?,?,?,'\'(126.62-154.66]\'',?,?,?,?,'\'(-inf-15.712933]\'',?,?,?,?,?,?,?,?,'\'(10.967788-13.066757]\'','\'(-inf-1990447.6]\'',?,?,'\'(3.450233-3.838203]\'','\'(42.405661-45.575251]\'','\'(4841384.6192-6579306.4644]\'','\'(-inf-14678352.6744]\'','\'(0.699016-0.768578]\'','\'(38.187954-42.348282]\'','\'(-inf-6967399.7424]\'','\'(2.749889-2.85569]\'',?,?,?,?,?,'\'(-inf-288432000000]\'',?,?,?,?,?,?,?,?,'\'(-inf-1918.701242]\'',?,?,'\'(10.185329-10.43145]\'','\'(36.71657-37.404951]\'',
'\'(14.7306-15.0414]\'','\'(15.3156-15.6264]\'',?,'\'(323.9-inf)\'',?,?,?,?,?,?,?,?,?,?,'\'(-inf-333.618]\'','\'(-inf-37.61806]\'','\'(-inf-1600314542.4]\'','\'(2.523197-2.756042]\'','\'(-inf-3897351911]\'','\'(1.921508-inf)\'',?,?,?,?,'\'(126.62-154.66]\'','\'(-inf-77.49288]\'','\'(-inf-0.827856]\'',?,?,'\'(-inf-15.712933]\'',?,'\'(-inf-2323401.64]\'',?,'\'(-inf-5719157.3124]\'',?,'\'(-inf-31715853.606]\'',?,'\'(-inf-4545048.4328]\'','\'(10.967788-13.066757]\'','\'(-inf-1990447.6]\'',?,?,'\'(3.838203-4.226173]\'','\'(42.405661-45.575251]\'','\'(6579306.4644-8317228.3096]\'','\'(14678352.6744-19970912.5058]\'','\'(0.768578-inf)\'','\'(38.187954-42.348282]\'','\'(-inf-6967399.7424]\'','\'(2.749889-2.85569]\'',?,?,?,?,?,'\'(-inf-288432000000]\'',?,?,?,?,?,?,?,'\'(-inf-1.329943]\'','\'(-inf-1918.701242]\'',?,?,'\'(10.185329-10.43145]\'','\'(36.71657-37.404951]\'',
'\'(14.4198-14.7306]\'','\'(15.0048-15.3156]\'',?,'\'(323.9-inf)\'',?,?,?,?,?,?,?,?,?,?,'\'(-inf-333.618]\'','\'(-inf-37.61806]\'','\'(-inf-1600314542.4]\'','\'(2.523197-2.756042]\'','\'(-inf-3897351911]\'','\'(1.921508-inf)\'',?,?,?,?,'\'(126.62-154.66]\'','\'(-inf-77.49288]\'','\'(-inf-0.827856]\'',?,?,'\'(-inf-15.712933]\'',?,'\'(-inf-2323401.64]\'',?,'\'(-inf-5719157.3124]\'',?,'\'(-inf-31715853.606]\'',?,'\'(-inf-4545048.4328]\'','\'(10.967788-13.066757]\'','\'(-inf-1990447.6]\'',?,?,'\'(3.838203-4.226173]\'','\'(45.575251-inf)\'','\'(6579306.4644-8317228.3096]\'','\'(14678352.6744-19970912.5058]\'','\'(0.768578-inf)\'','\'(-inf-38.187954]\'','\'(-inf-6967399.7424]\'','\'(2.644088-2.749889]\'','\'(-inf-1454.862806]\'','\'(-inf-1588.370761]\'',?,?,'\'(-inf-1.393007]\'','\'(-inf-288432000000]\'',?,'\'(17.764033-inf)\'','\'(-inf-5.121658]\'','\'(-inf-10.561881]\'','\'(19.308997-inf)\'','\'(32.517555-34.701657]\'',?,'\'(-inf-1.329943]\'','\'(1918.701242-2415.783096]\'',?,?,'\'(10.185329-10.43145]\'','\'(36.71657-37.404951]\'',
'\'(14.4198-14.7306]\'','\'(15.0048-15.3156]\'',?,'\'(323.9-inf)\'',?,?,?,?,?,?,?,?,?,?,'\'(-inf-333.618]\'','\'(-inf-37.61806]\'','\'(-inf-1600314542.4]\'','\'(2.523197-2.756042]\'','\'(-inf-3897351911]\'','\'(1.921508-inf)\'',?,?,?,?,'\'(126.62-154.66]\'','\'(-inf-77.49288]\'','\'(-inf-0.827856]\'',?,?,'\'(-inf-15.712933]\'',?,'\'(-inf-2323401.64]\'',?,'\'(-inf-5719157.3124]\'',?,'\'(-inf-31715853.606]\'',?,'\'(-inf-4545048.4328]\'','\'(10.967788-13.066757]\'','\'(1990447.6-3148486.2]\'',?,?,'\'(3.838203-4.226173]\'','\'(45.575251-inf)\'','\'(6579306.4644-8317228.3096]\'','\'(14678352.6744-19970912.5058]\'','\'(0.699016-0.768578]\'','\'(-inf-38.187954]\'','\'(-inf-6967399.7424]\'','\'(2.644088-2.749889]\'','\'(-inf-1454.862806]\'','\'(-inf-1588.370761]\'',?,?,'\'(-inf-1.393007]\'','\'(-inf-288432000000]\'',?,'\'(17.764033-inf)\'','\'(-inf-5.121658]\'','\'(-inf-10.561881]\'','\'(19.308997-inf)\'','\'(-inf-32.517555]\'',?,'\'(-inf-1.329943]\'','\'(1918.701242-2415.783096]\'',?,?,'\'(10.185329-10.43145]\'','\'(36.71657-37.404951]\'',
'\'(14.7306-15.0414]\'','\'(15.3156-15.6264]\'',?,'\'(323.9-inf)\'',?,?,?,?,?,?,?,?,?,?,'\'(-inf-333.618]\'','\'(-inf-37.61806]\'','\'(-inf-1600314542.4]\'','\'(2.523197-2.756042]\'','\'(3897351911-4759690409]\'','\'(1.921508-inf)\'',?,?,?,?,'\'(126.62-154.66]\'','\'(-inf-77.49288]\'','\'(-inf-0.827856]\'',?,?,'\'(15.712933-17.505592]\'',?,'\'(-inf-2323401.64]\'',?,'\'(-inf-5719157.3124]\'',?,'\'(-inf-31715853.606]\'',?,'\'(-inf-4545048.4328]\'','\'(10.967788-13.066757]\'','\'(1990447.6-3148486.2]\'',?,?,'\'(4.226173-4.614143]\'','\'(45.575251-inf)\'','\'(6579306.4644-8317228.3096]\'','\'(14678352.6744-19970912.5058]\'','\'(0.699016-0.768578]\'','\'(-inf-38.187954]\'','\'(-inf-6967399.7424]\'','\'(2.644088-2.749889]\'','\'(-inf-1454.862806]\'','\'(-inf-1588.370761]\'',?,?,'\'(-inf-1.393007]\'','\'(-inf-288432000000]\'',?,'\'(17.764033-inf)\'','\'(-inf-5.121658]\'','\'(-inf-10.561881]\'','\'(18.332669-19.308997]\'','\'(-inf-32.517555]\'',?,'\'(-inf-1.329943]\'','\'(1918.701242-2415.783096]\'',?,?,'\'(10.185329-10.43145]\'','\'(36.71657-37.404951]\'',
'\'(14.4198-14.7306]\'','\'(15.0048-15.3156]\'',?,'\'(323.9-inf)\'',?,?,?,?,?,?,?,?,?,?,'\'(-inf-333.618]\'','\'(-inf-37.61806]\'','\'(-inf-1600314542.4]\'','\'(2.523197-2.756042]\'','\'(3897351911-4759690409]\'','\'(1.921508-inf)\'',?,?,?,?,'\'(126.62-154.66]\'','\'(-inf-77.49288]\'','\'(-inf-0.827856]\'',?,?,'\'(15.712933-17.505592]\'',?,'\'(-inf-2323401.64]\'',?,'\'(-inf-5719157.3124]\'',?,'\'(-inf-31715853.606]\'',?,'\'(-inf-4545048.4328]\'','\'(10.967788-13.066757]\'','\'(1990447.6-3148486.2]\'',?,?,'\'(4.226173-4.614143]\'','\'(45.575251-inf)\'','\'(6579306.4644-8317228.3096]\'','\'(14678352.6744-19970912.5058]\'','\'(0.699016-0.768578]\'','\'(-inf-38.187954]\'','\'(-inf-6967399.7424]\'','\'(2.538287-2.644088]\'','\'(-inf-1454.862806]\'','\'(-inf-1588.370761]\'',?,?,'\'(-inf-1.393007]\'','\'(-inf-288432000000]\'',?,'\'(17.764033-inf)\'','\'(-inf-5.121658]\'','\'(-inf-10.561881]\'','\'(19.308997-inf)\'','\'(-inf-32.517555]\'',?,'\'(-inf-1.329943]\'','\'(1918.701242-2415.783096]\'',?,?,'\'(10.185329-10.43145]\'','\'(37.404951-38.093331]\'',
'\'(14.4198-14.7306]\'','\'(15.0048-15.3156]\'',?,'\'(323.9-inf)\'',?,?,?,?,?,?,?,?,?,?,'\'(-inf-333.618]\'','\'(37.61806-41.67783]\'','\'(-inf-1600314542.4]\'','\'(2.290353-2.523197]\'','\'(3897351911-4759690409]\'','\'(1.735881-1.921508]\'',?,?,?,?,'\'(126.62-154.66]\'','\'(-inf-77.49288]\'','\'(-inf-0.827856]\'',?,?,'\'(15.712933-17.505592]\'',?,'\'(2323401.64-2557564.48]\'',?,'\'(-inf-5719157.3124]\'',?,'\'(-inf-31715853.606]\'',?,'\'(-inf-4545048.4328]\'','\'(13.066757-15.165725]\'','\'(1990447.6-3148486.2]\'',?,?,'\'(3.838203-4.226173]\'','\'(45.575251-inf)\'','\'(6579306.4644-8317228.3096]\'','\'(14678352.6744-19970912.5058]\'','\'(0.699016-0.768578]\'','\'(-inf-38.187954]\'','\'(-inf-6967399.7424]\'','\'(2.538287-2.644088]\'','\'(-inf-1454.862806]\'','\'(-inf-1588.370761]\'',?,?,'\'(-inf-1.393007]\'','\'(-inf-288432000000]\'',?,'\'(17.764033-inf)\'','\'(5.121658-8.239436]\'','\'(-inf-10.561881]\'','\'(19.308997-inf)\'','\'(-inf-32.517555]\'',?,'\'(-inf-1.329943]\'','\'(1918.701242-2415.783096]\'',?,?,'\'(10.185329-10.43145]\'','\'(37.404951-38.093331]\'',
'\'(14.4198-14.7306]\'','\'(15.0048-15.3156]\'',?,'\'(323.9-inf)\'',?,?,?,?,?,?,?,?,?,?,'\'(-inf-333.618]\'','\'(37.61806-41.67783]\'','\'(-inf-1600314542.4]\'','\'(2.290353-2.523197]\'','\'(3897351911-4759690409]\'','\'(1.735881-1.921508]\'',?,?,?,?,'\'(98.58-126.62]\'','\'(-inf-77.49288]\'','\'(-inf-0.827856]\'',?,?,'\'(15.712933-17.505592]\'',?,'\'(2323401.64-2557564.48]\'',?,'\'(-inf-5719157.3124]\'',?,'\'(-inf-31715853.606]\'',?,'\'(-inf-4545048.4328]\'','\'(10.967788-13.066757]\'','\'(1990447.6-3148486.2]\'',?,?,'\'(4.226173-4.614143]\'','\'(45.575251-inf)\'','\'(8317228.3096-10055150.1548]\'','\'(14678352.6744-19970912.5058]\'','\'(0.699016-0.768578]\'','\'(-inf-38.187954]\'','\'(-inf-6967399.7424]\'','\'(2.538287-2.644088]\'','\'(-inf-1454.862806]\'','\'(-inf-1588.370761]\'',?,?,'\'(-inf-1.393007]\'','\'(-inf-288432000000]\'',?,'\'(17.764033-inf)\'','\'(5.121658-8.239436]\'','\'(-inf-10.561881]\'','\'(18.332669-19.308997]\'','\'(-inf-32.517555]\'',?,'\'(-inf-1.329943]\'','\'(1918.701242-2415.783096]\'',?,?,'\'(10.185329-10.43145]\'','\'(37.404951-38.093331]\'',
'\'(14.7306-15.0414]\'','\'(15.3156-15.6264]\'',?,'\'(323.9-inf)\'',?,?,?,?,?,?,?,?,?,?,'\'(333.618-351.266]\'','\'(37.61806-41.67783]\'','\'(1600314542.4-2186010911.8]\'','\'(2.290353-2.523197]\'','\'(3897351911-4759690409]\'','\'(1.735881-1.921508]\'',?,?,?,?,'\'(98.58-126.62]\'','\'(-inf-77.49288]\'','\'(0.827856-0.868202]\'',?,?,'\'(15.712933-17.505592]\'',?,'\'(2323401.64-2557564.48]\'',?,'\'(5719157.3124-6292884.6248]\'',?,'\'(-inf-31715853.606]\'',?,'\'(-inf-4545048.4328]\'','\'(10.967788-13.066757]\'','\'(1990447.6-3148486.2]\'',?,?,'\'(4.226173-4.614143]\'','\'(45.575251-inf)\'','\'(8317228.3096-10055150.1548]\'','\'(14678352.6744-19970912.5058]\'','\'(0.699016-0.768578]\'','\'(-inf-38.187954]\'','\'(-inf-6967399.7424]\'','\'(2.538287-2.644088]\'','\'(-inf-1454.862806]\'','\'(-inf-1588.370761]\'',?,?,'\'(-inf-1.393007]\'','\'(-inf-288432000000]\'',?,'\'(17.764033-inf)\'','\'(5.121658-8.239436]\'','\'(-inf-10.561881]\'','\'(17.356341-18.332669]\'','\'(-inf-32.517555]\'',?,'\'(-inf-1.329943]\'','\'(1918.701242-2415.783096]\'',?,?,'\'(10.185329-10.43145]\'','\'(37.404951-38.093331]\'',
'\'(14.4198-14.7306]\'','\'(15.0048-15.3156]\'',?,'\'(323.9-inf)\'',?,?,?,?,?,?,?,?,?,?,'\'(333.618-351.266]\'','\'(37.61806-41.67783]\'','\'(1600314542.4-2186010911.8]\'','\'(2.523197-2.756042]\'','\'(3897351911-4759690409]\'','\'(1.735881-1.921508]\'',?,?,?,?,'\'(98.58-126.62]\'','\'(-inf-77.49288]\'','\'(0.827856-0.868202]\'',?,?,'\'(15.712933-17.505592]\'',?,'\'(2323401.64-2557564.48]\'',?,'\'(5719157.3124-6292884.6248]\'',?,'\'(31715853.606-37168465.912]\'',?,'\'(-inf-4545048.4328]\'','\'(13.066757-15.165725]\'','\'(1990447.6-3148486.2]\'',?,?,'\'(4.226173-4.614143]\'','\'(45.575251-inf)\'','\'(8317228.3096-10055150.1548]\'','\'(14678352.6744-19970912.5058]\'','\'(0.699016-0.768578]\'','\'(-inf-38.187954]\'','\'(-inf-6967399.7424]\'','\'(2.538287-2.644088]\'','\'(1454.862806-1573.497771]\'','\'(-inf-1588.370761]\'',?,?,'\'(-inf-1.393007]\'','\'(-inf-288432000000]\'',?,'\'(17.764033-inf)\'','\'(5.121658-8.239436]\'','\'(-inf-10.561881]\'','\'(18.332669-19.308997]\'','\'(-inf-32.517555]\'',?,'\'(-inf-1.329943]\'','\'(1918.701242-2415.783096]\'',?,?,'\'(10.185329-10.43145]\'','\'(37.404951-38.093331]\'',
'\'(14.7306-15.0414]\'','\'(15.3156-15.6264]\'',?,?,'\'(-inf-1.2094]\'','\'(-inf-0.4256]\'','\'(-inf-0.1212]\'','\'(-inf-0.1084]\'','\'(-inf-0.0448]\'','\'(-inf-0.0484]\'','\'(-inf-1.954]\'','\'(-inf-402.6]\'','\'(-inf-0.9028]\'',?,'\'(333.618-351.266]\'','\'(37.61806-41.67783]\'','\'(1600314542.4-2186010911.8]\'','\'(2.756042-2.988887]\'','\'(3897351911-4759690409]\'','\'(1.735881-1.921508]\'',?,?,?,?,'\'(98.58-126.62]\'','\'(77.49288-80.88804]\'','\'(0.827856-0.868202]\'',?,?,'\'(15.712933-17.505592]\'',?,'\'(2557564.48-2791727.32]\'',?,'\'(5719157.3124-6292884.6248]\'',?,'\'(31715853.606-37168465.912]\'',?,'\'(4545048.4328-5824165.7286]\'','\'(13.066757-15.165725]\'','\'(1990447.6-3148486.2]\'',?,?,'\'(4.226173-4.614143]\'','\'(45.575251-inf)\'','\'(8317228.3096-10055150.1548]\'','\'(14678352.6744-19970912.5058]\'','\'(0.699016-0.768578]\'','\'(-inf-38.187954]\'','\'(-inf-6967399.7424]\'','\'(2.538287-2.644088]\'','\'(1454.862806-1573.497771]\'','\'(-inf-1588.370761]\'',?,?,'\'(-inf-1.393007]\'','\'(-inf-288432000000]\'',?,'\'(14.346802-17.764033]\'','\'(5.121658-8.239436]\'','\'(-inf-10.561881]\'','\'(18.332669-19.308997]\'','\'(-inf-32.517555]\'',?,'\'(-inf-1.329943]\'','\'(1918.701242-2415.783096]\'',?,?,'\'(10.185329-10.43145]\'','\'(37.404951-38.093331]\'',
'\'(14.7306-15.0414]\'','\'(15.3156-15.6264]\'','\'(-inf-351.614]\'',?,'\'(-inf-1.2094]\'','\'(-inf-0.4256]\'','\'(-inf-0.1212]\'','\'(-inf-0.1084]\'','\'(-inf-0.0448]\'','\'(-inf-0.0484]\'','\'(-inf-1.954]\'','\'(-inf-402.6]\'','\'(-inf-0.9028]\'','\'(1.96-2.38]\'','\'(333.618-351.266]\'','\'(37.61806-41.67783]\'','\'(1600314542.4-2186010911.8]\'','\'(2.756042-2.988887]\'','\'(3897351911-4759690409]\'','\'(1.735881-1.921508]\'',?,?,?,?,'\'(98.58-126.62]\'','\'(77.49288-80.88804]\'','\'(0.827856-0.868202]\'',?,?,'\'(15.712933-17.505592]\'',?,'\'(2557564.48-2791727.32]\'',?,'\'(5719157.3124-6292884.6248]\'',?,'\'(31715853.606-37168465.912]\'',?,'\'(4545048.4328-5824165.7286]\'','\'(13.066757-15.165725]\'','\'(1990447.6-3148486.2]\'',?,?,'\'(4.226173-4.614143]\'','\'(45.575251-inf)\'','\'(8317228.3096-10055150.1548]\'','\'(14678352.6744-19970912.5058]\'','\'(0.699016-0.768578]\'','\'(-inf-38.187954]\'','\'(6967399.7424-9012644.0568]\'','\'(2.538287-2.644088]\'','\'(-inf-1454.862806]\'','\'(-inf-1588.370761]\'',?,?,'\'(-inf-1.393007]\'','\'(-inf-288432000000]\'',?,'\'(14.346802-17.764033]\'','\'(5.121658-8.239436]\'','\'(-inf-10.561881]\'','\'(17.356341-18.332669]\'','\'(32.517555-34.701657]\'',?,'\'(-inf-1.329943]\'','\'(1918.701242-2415.783096]\'',?,?,'\'(10.185329-10.43145]\'','\'(37.404951-38.093331]\'',
'\'(14.7306-15.0414]\'','\'(15.3156-15.6264]\'','\'(-inf-351.614]\'',?,'\'(-inf-1.2094]\'','\'(-inf-0.4256]\'','\'(-inf-0.1212]\'','\'(-inf-0.1084]\'','\'(-inf-0.0448]\'','\'(-inf-0.0484]\'','\'(-inf-1.954]\'','\'(-inf-402.6]\'','\'(-inf-0.9028]\'','\'(1.54-1.96]\'','\'(333.618-351.266]\'','\'(37.61806-41.67783]\'','\'(1600314542.4-2186010911.8]\'','\'(2.756042-2.988887]\'','\'(3897351911-4759690409]\'','\'(1.735881-1.921508]\'',?,?,?,?,'\'(98.58-126.62]\'','\'(77.49288-80.88804]\'','\'(0.827856-0.868202]\'',?,?,'\'(15.712933-17.505592]\'',?,'\'(2557564.48-2791727.32]\'',?,'\'(5719157.3124-6292884.6248]\'',?,'\'(31715853.606-37168465.912]\'',?,'\'(4545048.4328-5824165.7286]\'','\'(13.066757-15.165725]\'','\'(1990447.6-3148486.2]\'',?,?,'\'(3.838203-4.226173]\'','\'(42.405661-45.575251]\'','\'(8317228.3096-10055150.1548]\'','\'(14678352.6744-19970912.5058]\'','\'(0.629454-0.699016]\'','\'(-inf-38.187954]\'','\'(6967399.7424-9012644.0568]\'','\'(-inf-2.538287]\'','\'(-inf-1454.862806]\'','\'(1588.370761-1977.372285]\'',?,?,'\'(-inf-1.393007]\'','\'(-inf-288432000000]\'',?,'\'(14.346802-17.764033]\'','\'(8.239436-11.357215]\'','\'(-inf-10.561881]\'','\'(18.332669-19.308997]\'','\'(32.517555-34.701657]\'',?,'\'(-inf-1.329943]\'','\'(2415.783096-2912.864949]\'',?,?,'\'(10.185329-10.43145]\'','\'(37.404951-38.093331]\'',
'\'(14.7306-15.0414]\'','\'(15.3156-15.6264]\'','\'(-inf-351.614]\'',?,'\'(-inf-1.2094]\'','\'(0.4256-0.4452]\'','\'(-inf-0.1212]\'','\'(-inf-0.1084]\'','\'(0.0448-0.0506]\'','\'(-inf-0.0484]\'','\'(-inf-1.954]\'','\'(-inf-402.6]\'','\'(-inf-0.9028]\'','\'(1.12-1.54]\'','\'(333.618-351.266]\'','\'(37.61806-41.67783]\'','\'(1600314542.4-2186010911.8]\'','\'(2.756042-2.988887]\'','\'(3897351911-4759690409]\'','\'(1.735881-1.921508]\'',?,?,?,?,'\'(98.58-126.62]\'','\'(77.49288-80.88804]\'','\'(0.827856-0.868202]\'',?,?,'\'(15.712933-17.505592]\'',?,'\'(2791727.32-3025890.16]\'',?,'\'(5719157.3124-6292884.6248]\'',?,'\'(31715853.606-37168465.912]\'',?,'\'(5824165.7286-7103283.0244]\'','\'(13.066757-15.165725]\'','\'(1990447.6-3148486.2]\'',?,?,'\'(3.838203-4.226173]\'','\'(42.405661-45.575251]\'','\'(6579306.4644-8317228.3096]\'','\'(14678352.6744-19970912.5058]\'','\'(0.629454-0.699016]\'','\'(38.187954-42.348282]\'','\'(6967399.7424-9012644.0568]\'','\'(-inf-2.538287]\'','\'(-inf-1454.862806]\'','\'(-inf-1588.370761]\'',?,?,'\'(-inf-1.393007]\'','\'(-inf-288432000000]\'',?,'\'(10.929571-14.346802]\'','\'(8.239436-11.357215]\'','\'(-inf-10.561881]\'','\'(18.332669-19.308997]\'','\'(32.517555-34.701657]\'',?,'\'(-inf-1.329943]\'','\'(2415.783096-2912.864949]\'',?,?,'\'(10.43145-10.677571]\'','\'(37.404951-38.093331]\'',
'\'(14.7306-15.0414]\'','\'(15.3156-15.6264]\'','\'(-inf-351.614]\'',?,'\'(-inf-1.2094]\'','\'(0.4256-0.4452]\'','\'(-inf-0.1212]\'','\'(0.1084-0.1248]\'','\'(0.0448-0.0506]\'','\'(-inf-0.0484]\'','\'(-inf-1.954]\'','\'(-inf-402.6]\'','\'(-inf-0.9028]\'','\'(1.54-1.96]\'','\'(333.618-351.266]\'','\'(37.61806-41.67783]\'','\'(1600314542.4-2186010911.8]\'','\'(2.523197-2.756042]\'','\'(3897351911-4759690409]\'','\'(1.735881-1.921508]\'',?,?,?,?,'\'(98.58-126.62]\'','\'(77.49288-80.88804]\'','\'(0.827856-0.868202]\'',?,?,'\'(15.712933-17.505592]\'',?,'\'(2557564.48-2791727.32]\'',?,'\'(5719157.3124-6292884.6248]\'',?,'\'(31715853.606-37168465.912]\'',?,'\'(4545048.4328-5824165.7286]\'','\'(13.066757-15.165725]\'','\'(1990447.6-3148486.2]\'',?,?,'\'(3.838203-4.226173]\'','\'(42.405661-45.575251]\'','\'(6579306.4644-8317228.3096]\'','\'(14678352.6744-19970912.5058]\'','\'(0.629454-0.699016]\'','\'(38.187954-42.348282]\'','\'(6967399.7424-9012644.0568]\'','\'(-inf-2.538287]\'','\'(-inf-1454.862806]\'','\'(1588.370761-1977.372285]\'',?,?,'\'(-inf-1.393007]\'','\'(-inf-288432000000]\'',?,'\'(10.929571-14.346802]\'','\'(8.239436-11.357215]\'','\'(-inf-10.561881]\'','\'(18.332669-19.308997]\'','\'(32.517555-34.701657]\'',?,'\'(-inf-1.329943]\'','\'(2415.783096-2912.864949]\'',?,?,'\'(10.43145-10.677571]\'','\'(37.404951-38.093331]\'',
'\'(14.7306-15.0414]\'','\'(15.3156-15.6264]\'','\'(-inf-351.614]\'',?,'\'(-inf-1.2094]\'','\'(0.4256-0.4452]\'','\'(-inf-0.1212]\'','\'(0.1084-0.1248]\'','\'(0.0448-0.0506]\'','\'(-inf-0.0484]\'','\'(-inf-1.954]\'','\'(-inf-402.6]\'','\'(-inf-0.9028]\'','\'(1.54-1.96]\'','\'(333.618-351.266]\'','\'(37.61806-41.67783]\'','\'(1600314542.4-2186010911.8]\'','\'(2.523197-2.756042]\'','\'(4759690409-5622028907]\'','\'(1.735881-1.921508]\'',?,?,?,?,'\'(98.58-126.62]\'','\'(80.88804-84.2832]\'','\'(0.827856-0.868202]\'',?,?,'\'(15.712933-17.505592]\'',?,'\'(2557564.48-2791727.32]\'',?,'\'(5719157.3124-6292884.6248]\'',?,'\'(31715853.606-37168465.912]\'',?,'\'(-inf-4545048.4328]\'','\'(15.165725-17.264694]\'','\'(1990447.6-3148486.2]\'',?,?,'\'(3.838203-4.226173]\'','\'(39.236071-42.405661]\'','\'(6579306.4644-8317228.3096]\'','\'(14678352.6744-19970912.5058]\'','\'(0.629454-0.699016]\'','\'(38.187954-42.348282]\'','\'(6967399.7424-9012644.0568]\'','\'(-inf-2.538287]\'','\'(-inf-1454.862806]\'','\'(1588.370761-1977.372285]\'',?,?,'\'(-inf-1.393007]\'','\'(-inf-288432000000]\'',?,'\'(7.512339-10.929571]\'','\'(11.357215-14.474994]\'','\'(-inf-10.561881]\'','\'(18.332669-19.308997]\'','\'(32.517555-34.701657]\'',?,'\'(-inf-1.329943]\'','\'(2415.783096-2912.864949]\'',?,?,'\'(10.43145-10.677571]\'','\'(38.093331-38.781711]\'',
'\'(14.7306-15.0414]\'','\'(15.3156-15.6264]\'','\'(-inf-351.614]\'',?,'\'(-inf-1.2094]\'','\'(0.4256-0.4452]\'','\'(-inf-0.1212]\'','\'(0.1084-0.1248]\'','\'(0.0506-0.0564]\'','\'(-inf-0.0484]\'','\'(-inf-1.954]\'','\'(-inf-402.6]\'','\'(-inf-0.9028]\'','\'(1.54-1.96]\'','\'(333.618-351.266]\'','\'(37.61806-41.67783]\'','\'(1600314542.4-2186010911.8]\'','\'(2.523197-2.756042]\'','\'(4759690409-5622028907]\'','\'(1.735881-1.921508]\'',?,?,?,?,'\'(98.58-126.62]\'','\'(80.88804-84.2832]\'','\'(0.827856-0.868202]\'',?,?,'\'(15.712933-17.505592]\'',?,'\'(2557564.48-2791727.32]\'',?,'\'(5719157.3124-6292884.6248]\'',?,'\'(31715853.606-37168465.912]\'',?,'\'(-inf-4545048.4328]\'','\'(15.165725-17.264694]\'','\'(1990447.6-3148486.2]\'',?,?,'\'(3.838203-4.226173]\'','\'(39.236071-42.405661]\'','\'(6579306.4644-8317228.3096]\'','\'(14678352.6744-19970912.5058]\'','\'(0.559892-0.629454]\'','\'(38.187954-42.348282]\'','\'(6967399.7424-9012644.0568]\'','\'(-inf-2.538287]\'','\'(-inf-1454.862806]\'','\'(1588.370761-1977.372285]\'',?,?,'\'(-inf-1.393007]\'','\'(-inf-288432000000]\'',?,'\'(7.512339-10.929571]\'','\'(11.357215-14.474994]\'','\'(-inf-10.561881]\'','\'(17.356341-18.332669]\'','\'(34.701657-36.885758]\'',?,'\'(-inf-1.329943]\'','\'(2415.783096-2912.864949]\'',?,?,'\'(10.677571-inf)\'','\'(38.093331-38.781711]\'',
'\'(14.7306-15.0414]\'','\'(15.3156-15.6264]\'','\'(-inf-351.614]\'',?,'\'(-inf-1.2094]\'','\'(0.4256-0.4452]\'','\'(0.1212-0.1384]\'','\'(0.1248-0.1412]\'','\'(0.0506-0.0564]\'','\'(0.0484-0.0658]\'','\'(1.954-2.209]\'','\'(402.6-423.2]\'','\'(0.9028-1.0206]\'','\'(1.54-1.96]\'','\'(333.618-351.266]\'','\'(37.61806-41.67783]\'','\'(1600314542.4-2186010911.8]\'','\'(2.523197-2.756042]\'','\'(4759690409-5622028907]\'','\'(1.735881-1.921508]\'',?,?,?,?,'\'(98.58-126.62]\'','\'(80.88804-84.2832]\'','\'(0.827856-0.868202]\'',?,?,'\'(15.712933-17.505592]\'',?,'\'(2557564.48-2791727.32]\'',?,'\'(5719157.3124-6292884.6248]\'',?,'\'(31715853.606-37168465.912]\'',?,'\'(4545048.4328-5824165.7286]\'','\'(13.066757-15.165725]\'','\'(1990447.6-3148486.2]\'',?,?,'\'(3.838203-4.226173]\'','\'(39.236071-42.405661]\'','\'(8317228.3096-10055150.1548]\'','\'(19970912.5058-25263472.3372]\'','\'(0.559892-0.629454]\'','\'(38.187954-42.348282]\'','\'(6967399.7424-9012644.0568]\'','\'(-inf-2.538287]\'','\'(-inf-1454.862806]\'','\'(1588.370761-1977.372285]\'',?,?,'\'(-inf-1.393007]\'','\'(-inf-288432000000]\'',?,'\'(7.512339-10.929571]\'','\'(11.357215-14.474994]\'','\'(-inf-10.561881]\'','\'(17.356341-18.332669]\'','\'(32.517555-34.701657]\'',?,'\'(-inf-1.329943]\'','\'(2415.783096-2912.864949]\'',?,?,'\'(10.677571-inf)\'','\'(38.093331-38.781711]\'',
'\'(14.7306-15.0414]\'','\'(15.3156-15.6264]\'','\'(-inf-351.614]\'',?,'\'(1.2094-1.3918]\'','\'(0.4452-0.4648]\'','\'(-inf-0.1212]\'','\'(0.1248-0.1412]\'','\'(0.0564-0.0622]\'','\'(0.0484-0.0658]\'','\'(1.954-2.209]\'','\'(402.6-423.2]\'','\'(0.9028-1.0206]\'','\'(1.96-2.38]\'','\'(333.618-351.266]\'','\'(41.67783-45.7376]\'','\'(1600314542.4-2186010911.8]\'','\'(2.523197-2.756042]\'','\'(4759690409-5622028907]\'','\'(1.735881-1.921508]\'',?,?,?,?,'\'(70.54-98.58]\'','\'(80.88804-84.2832]\'','\'(0.827856-0.868202]\'',?,?,'\'(15.712933-17.505592]\'',?,'\'(2791727.32-3025890.16]\'',?,'\'(6292884.6248-6866611.9372]\'',?,'\'(31715853.606-37168465.912]\'',?,'\'(5824165.7286-7103283.0244]\'','\'(15.165725-17.264694]\'','\'(3148486.2-4306524.8]\'',?,?,'\'(3.838203-4.226173]\'','\'(39.236071-42.405661]\'','\'(8317228.3096-10055150.1548]\'','\'(19970912.5058-25263472.3372]\'','\'(0.559892-0.629454]\'','\'(38.187954-42.348282]\'','\'(6967399.7424-9012644.0568]\'','\'(-inf-2.538287]\'','\'(-inf-1454.862806]\'','\'(1588.370761-1977.372285]\'',?,?,'\'(-inf-1.393007]\'','\'(-inf-288432000000]\'',?,'\'(7.512339-10.929571]\'','\'(14.474994-inf)\'','\'(-inf-10.561881]\'','\'(16.380013-17.356341]\'','\'(34.701657-36.885758]\'',?,'\'(-inf-1.329943]\'','\'(2415.783096-2912.864949]\'',?,?,'\'(10.677571-inf)\'','\'(38.781711-inf)\'',
'\'(14.7306-15.0414]\'','\'(15.3156-15.6264]\'','\'(-inf-351.614]\'',?,'\'(1.2094-1.3918]\'','\'(0.4452-0.4648]\'','\'(0.1212-0.1384]\'','\'(0.1412-0.1576]\'','\'(0.0564-0.0622]\'','\'(0.0484-0.0658]\'','\'(1.954-2.209]\'','\'(402.6-423.2]\'','\'(0.9028-1.0206]\'','\'(2.38-inf)\'','\'(351.266-368.914]\'','\'(41.67783-45.7376]\'','\'(1600314542.4-2186010911.8]\'','\'(2.523197-2.756042]\'','\'(4759690409-5622028907]\'','\'(1.735881-1.921508]\'',?,?,?,?,'\'(70.54-98.58]\'','\'(80.88804-84.2832]\'','\'(0.827856-0.868202]\'',?,?,'\'(15.712933-17.505592]\'',?,'\'(2557564.48-2791727.32]\'',?,'\'(5719157.3124-6292884.6248]\'',?,'\'(31715853.606-37168465.912]\'',?,'\'(4545048.4328-5824165.7286]\'','\'(15.165725-17.264694]\'','\'(3148486.2-4306524.8]\'',?,?,'\'(4.226173-4.614143]\'','\'(39.236071-42.405661]\'','\'(8317228.3096-10055150.1548]\'','\'(19970912.5058-25263472.3372]\'','\'(0.559892-0.629454]\'','\'(38.187954-42.348282]\'','\'(6967399.7424-9012644.0568]\'','\'(-inf-2.538287]\'','\'(1454.862806-1573.497771]\'','\'(1588.370761-1977.372285]\'',?,?,'\'(-inf-1.393007]\'','\'(-inf-288432000000]\'',?,'\'(7.512339-10.929571]\'','\'(14.474994-inf)\'','\'(-inf-10.561881]\'','\'(16.380013-17.356341]\'','\'(34.701657-36.885758]\'',?,'\'(-inf-1.329943]\'','\'(2415.783096-2912.864949]\'',?,?,'\'(10.677571-inf)\'','\'(38.781711-inf)\'',
'\'(14.7306-15.0414]\'','\'(15.3156-15.6264]\'','\'(351.614-364.428]\'',?,'\'(1.2094-1.3918]\'','\'(0.4452-0.4648]\'','\'(0.1212-0.1384]\'','\'(0.1412-0.1576]\'','\'(0.0622-inf)\'','\'(0.0484-0.0658]\'','\'(1.954-2.209]\'','\'(402.6-423.2]\'','\'(0.9028-1.0206]\'','\'(1.96-2.38]\'','\'(351.266-368.914]\'','\'(41.67783-45.7376]\'','\'(2186010911.8-2771707281.2]\'','\'(2.523197-2.756042]\'','\'(4759690409-5622028907]\'','\'(1.735881-1.921508]\'',?,?,?,?,'\'(70.54-98.58]\'','\'(80.88804-84.2832]\'','\'(0.827856-0.868202]\'',?,?,'\'(17.505592-19.29825]\'',?,'\'(2791727.32-3025890.16]\'',?,'\'(6292884.6248-6866611.9372]\'',?,'\'(31715853.606-37168465.912]\'',?,'\'(4545048.4328-5824165.7286]\'','\'(15.165725-17.264694]\'','\'(3148486.2-4306524.8]\'',?,?,'\'(4.226173-4.614143]\'','\'(39.236071-42.405661]\'','\'(8317228.3096-10055150.1548]\'','\'(19970912.5058-25263472.3372]\'','\'(0.559892-0.629454]\'','\'(38.187954-42.348282]\'','\'(6967399.7424-9012644.0568]\'','\'(-inf-2.538287]\'','\'(1454.862806-1573.497771]\'','\'(1588.370761-1977.372285]\'',?,?,'\'(-inf-1.393007]\'','\'(-inf-288432000000]\'',?,'\'(7.512339-10.929571]\'','\'(14.474994-inf)\'','\'(-inf-10.561881]\'','\'(-inf-16.380013]\'','\'(32.517555-34.701657]\'',?,'\'(-inf-1.329943]\'','\'(2415.783096-2912.864949]\'',?,?,'\'(10.677571-inf)\'','\'(38.781711-inf)\'',
'\'(15.0414-15.3522]\'','\'(15.6264-15.9372]\'','\'(351.614-364.428]\'',?,'\'(1.2094-1.3918]\'','\'(0.4452-0.4648]\'','\'(0.1212-0.1384]\'','\'(0.1412-0.1576]\'','\'(0.0622-inf)\'','\'(0.0484-0.0658]\'','\'(1.954-2.209]\'','\'(402.6-423.2]\'','\'(0.9028-1.0206]\'','\'(1.54-1.96]\'','\'(351.266-368.914]\'','\'(41.67783-45.7376]\'','\'(2186010911.8-2771707281.2]\'','\'(2.523197-2.756042]\'','\'(4759690409-5622028907]\'','\'(1.550253-1.735881]\'','\'(-inf-55.824638]\'','\'(-inf-79.057941]\'','\'(-inf-95.398919]\'','\'(-inf-66.650212]\'','\'(70.54-98.58]\'','\'(80.88804-84.2832]\'','\'(0.827856-0.868202]\'',?,?,'\'(17.505592-19.29825]\'',?,'\'(2791727.32-3025890.16]\'',?,'\'(6292884.6248-6866611.9372]\'',?,'\'(37168465.912-42621078.218]\'',?,'\'(5824165.7286-7103283.0244]\'','\'(15.165725-17.264694]\'','\'(3148486.2-4306524.8]\'','\'(0.450679-inf)\'','\'(0.690834-inf)\'','\'(4.226173-4.614143]\'','\'(39.236071-42.405661]\'','\'(8317228.3096-10055150.1548]\'','\'(19970912.5058-25263472.3372]\'','\'(0.559892-0.629454]\'','\'(38.187954-42.348282]\'','\'(6967399.7424-9012644.0568]\'','\'(-inf-2.538287]\'','\'(1573.497771-1692.132735]\'','\'(1977.372285-2366.37381]\'','\'(169.900099-inf)\'','\'(-inf-17.448466]\'','\'(-inf-1.393007]\'','\'(-inf-288432000000]\'','\'(18.370762-19.365328]\'','\'(10.929571-14.346802]\'','\'(14.474994-inf)\'','\'(13.520698-16.479514]\'','\'(17.356341-18.332669]\'','\'(36.885758-39.06986]\'','\'(-inf-74.431704]\'','\'(-inf-1.329943]\'','\'(2415.783096-2912.864949]\'','\'(31.605478-inf)\'','\'(41024423.08-inf)\'','\'(10.677571-inf)\'','\'(38.781711-inf)\'',
'\'(15.0414-15.3522]\'','\'(15.6264-15.9372]\'','\'(351.614-364.428]\'',?,'\'(1.2094-1.3918]\'','\'(0.4452-0.4648]\'','\'(0.1212-0.1384]\'','\'(0.1576-inf)\'','\'(0.0622-inf)\'','\'(0.0658-0.0832]\'','\'(1.954-2.209]\'','\'(402.6-423.2]\'','\'(0.9028-1.0206]\'','\'(1.54-1.96]\'','\'(351.266-368.914]\'','\'(41.67783-45.7376]\'','\'(2186010911.8-2771707281.2]\'','\'(2.290353-2.523197]\'','\'(4759690409-5622028907]\'','\'(1.550253-1.735881]\'','\'(-inf-55.824638]\'','\'(-inf-79.057941]\'','\'(-inf-95.398919]\'','\'(-inf-66.650212]\'','\'(70.54-98.58]\'','\'(80.88804-84.2832]\'','\'(0.868202-0.908548]\'',?,?,'\'(17.505592-19.29825]\'','\'(-2.460111-0.754349]\'','\'(2791727.32-3025890.16]\'','\'(-inf-1.783841]\'','\'(6292884.6248-6866611.9372]\'','\'(-inf-7.685115]\'','\'(37168465.912-42621078.218]\'','\'(-inf-6.264455]\'','\'(5824165.7286-7103283.0244]\'','\'(15.165725-17.264694]\'','\'(3148486.2-4306524.8]\'','\'(0.450679-inf)\'','\'(0.690834-inf)\'','\'(3.838203-4.226173]\'','\'(39.236071-42.405661]\'','\'(8317228.3096-10055150.1548]\'','\'(19970912.5058-25263472.3372]\'','\'(0.559892-0.629454]\'','\'(-inf-38.187954]\'','\'(6967399.7424-9012644.0568]\'','\'(-inf-2.538287]\'','\'(1573.497771-1692.132735]\'','\'(1977.372285-2366.37381]\'','\'(169.900099-inf)\'','\'(-inf-17.448466]\'','\'(-inf-1.393007]\'','\'(-inf-288432000000]\'','\'(18.370762-19.365328]\'','\'(10.929571-14.346802]\'','\'(14.474994-inf)\'','\'(13.520698-16.479514]\'','\'(17.356341-18.332669]\'','\'(36.885758-39.06986]\'','\'(-inf-74.431704]\'','\'(-inf-1.329943]\'','\'(2415.783096-2912.864949]\'','\'(31.605478-inf)\'','\'(41024423.08-inf)\'','\'(10.677571-inf)\'','\'(38.781711-inf)\'',
'\'(14.7306-15.0414]\'','\'(15.3156-15.6264]\'','\'(351.614-364.428]\'',?,'\'(1.2094-1.3918]\'','\'(0.4648-0.4844]\'','\'(0.1212-0.1384]\'','\'(0.1576-inf)\'','\'(0.0622-inf)\'','\'(0.0658-0.0832]\'','\'(2.209-2.464]\'','\'(402.6-423.2]\'','\'(1.0206-1.1384]\'','\'(1.12-1.54]\'','\'(351.266-368.914]\'','\'(41.67783-45.7376]\'','\'(2186010911.8-2771707281.2]\'','\'(2.290353-2.523197]\'','\'(4759690409-5622028907]\'','\'(1.550253-1.735881]\'','\'(-inf-55.824638]\'','\'(-inf-79.057941]\'','\'(-inf-95.398919]\'','\'(-inf-66.650212]\'','\'(70.54-98.58]\'','\'(80.88804-84.2832]\'','\'(0.868202-0.908548]\'',?,?,'\'(17.505592-19.29825]\'','\'(3.968809-7.183269]\'','\'(3025890.16-inf)\'','\'(1.783841-6.382909]\'','\'(6292884.6248-6866611.9372]\'','\'(-inf-7.685115]\'','\'(37168465.912-42621078.218]\'','\'(20.364628-34.464802]\'','\'(7103283.0244-8382400.3202]\'','\'(17.264694-inf)\'','\'(3148486.2-4306524.8]\'','\'(0.450679-inf)\'','\'(0.690834-inf)\'','\'(3.838203-4.226173]\'','\'(39.236071-42.405661]\'','\'(8317228.3096-10055150.1548]\'','\'(19970912.5058-25263472.3372]\'','\'(0.559892-0.629454]\'','\'(-inf-38.187954]\'','\'(6967399.7424-9012644.0568]\'','\'(-inf-2.538287]\'','\'(1573.497771-1692.132735]\'','\'(1977.372285-2366.37381]\'','\'(169.900099-inf)\'','\'(17.448466-17.810382]\'','\'(-inf-1.393007]\'','\'(-inf-288432000000]\'','\'(18.370762-19.365328]\'','\'(7.512339-10.929571]\'','\'(14.474994-inf)\'','\'(13.520698-16.479514]\'','\'(17.356341-18.332669]\'','\'(36.885758-39.06986]\'','\'(-inf-74.431704]\'','\'(-inf-1.329943]\'','\'(2415.783096-2912.864949]\'','\'(31.605478-inf)\'','\'(41024423.08-inf)\'','\'(10.677571-inf)\'','\'(37.404951-38.093331]\'',
'\'(14.7306-15.0414]\'','\'(15.3156-15.6264]\'','\'(351.614-364.428]\'',?,'\'(1.2094-1.3918]\'','\'(0.4648-0.4844]\'','\'(0.1212-0.1384]\'','\'(0.1576-inf)\'','\'(0.0622-inf)\'','\'(0.0658-0.0832]\'','\'(2.209-2.464]\'','\'(402.6-423.2]\'','\'(1.0206-1.1384]\'','\'(-inf-1.12]\'','\'(351.266-368.914]\'','\'(41.67783-45.7376]\'','\'(2186010911.8-2771707281.2]\'','\'(2.290353-2.523197]\'','\'(4759690409-5622028907]\'','\'(1.550253-1.735881]\'','\'(-inf-55.824638]\'','\'(-inf-79.057941]\'','\'(-inf-95.398919]\'','\'(-inf-66.650212]\'','\'(70.54-98.58]\'','\'(80.88804-84.2832]\'','\'(0.868202-0.908548]\'',?,?,'\'(17.505592-19.29825]\'','\'(-inf--2.460111]\'','\'(2791727.32-3025890.16]\'','\'(-inf-1.783841]\'','\'(6292884.6248-6866611.9372]\'','\'(-inf-7.685115]\'','\'(37168465.912-42621078.218]\'','\'(-inf-6.264455]\'','\'(5824165.7286-7103283.0244]\'','\'(17.264694-inf)\'','\'(3148486.2-4306524.8]\'','\'(0.450679-inf)\'','\'(0.603475-0.690834]\'','\'(3.838203-4.226173]\'','\'(39.236071-42.405661]\'','\'(8317228.3096-10055150.1548]\'','\'(19970912.5058-25263472.3372]\'','\'(0.559892-0.629454]\'','\'(-inf-38.187954]\'','\'(6967399.7424-9012644.0568]\'','\'(-inf-2.538287]\'','\'(1573.497771-1692.132735]\'','\'(1977.372285-2366.37381]\'','\'(169.900099-inf)\'','\'(17.448466-17.810382]\'','\'(-inf-1.393007]\'','\'(-inf-288432000000]\'','\'(19.365328-20.359894]\'','\'(7.512339-10.929571]\'','\'(14.474994-inf)\'','\'(13.520698-16.479514]\'','\'(18.332669-19.308997]\'','\'(36.885758-39.06986]\'','\'(-inf-74.431704]\'','\'(-inf-1.329943]\'','\'(2415.783096-2912.864949]\'','\'(31.605478-inf)\'','\'(41024423.08-inf)\'','\'(10.677571-inf)\'','\'(37.404951-38.093331]\'',
'\'(14.7306-15.0414]\'','\'(15.3156-15.6264]\'','\'(351.614-364.428]\'',?,'\'(1.2094-1.3918]\'','\'(0.4648-0.4844]\'','\'(0.1212-0.1384]\'','\'(0.1576-inf)\'','\'(0.0622-inf)\'','\'(0.0658-0.0832]\'','\'(2.209-2.464]\'','\'(423.2-443.8]\'','\'(1.0206-1.1384]\'','\'(1.12-1.54]\'','\'(351.266-368.914]\'','\'(41.67783-45.7376]\'','\'(2186010911.8-2771707281.2]\'','\'(2.290353-2.523197]\'','\'(5622028907-6484367405]\'','\'(1.364626-1.550253]\'','\'(-inf-55.824638]\'','\'(-inf-79.057941]\'','\'(-inf-95.398919]\'','\'(-inf-66.650212]\'','\'(70.54-98.58]\'','\'(80.88804-84.2832]\'','\'(0.868202-0.908548]\'',?,?,'\'(17.505592-19.29825]\'','\'(-2.460111-0.754349]\'','\'(2791727.32-3025890.16]\'','\'(-inf-1.783841]\'','\'(6292884.6248-6866611.9372]\'','\'(-inf-7.685115]\'','\'(37168465.912-42621078.218]\'','\'(-inf-6.264455]\'','\'(5824165.7286-7103283.0244]\'','\'(17.264694-inf)\'','\'(3148486.2-4306524.8]\'','\'(0.426516-0.450679]\'','\'(0.603475-0.690834]\'','\'(3.838203-4.226173]\'','\'(39.236071-42.405661]\'','\'(8317228.3096-10055150.1548]\'','\'(19970912.5058-25263472.3372]\'','\'(-inf-0.559892]\'','\'(-inf-38.187954]\'','\'(6967399.7424-9012644.0568]\'','\'(-inf-2.538287]\'','\'(1573.497771-1692.132735]\'','\'(1977.372285-2366.37381]\'','\'(169.900099-inf)\'','\'(17.448466-17.810382]\'','\'(-inf-1.393007]\'','\'(-inf-288432000000]\'','\'(19.365328-20.359894]\'','\'(7.512339-10.929571]\'','\'(14.474994-inf)\'','\'(13.520698-16.479514]\'','\'(17.356341-18.332669]\'','\'(36.885758-39.06986]\'','\'(-inf-74.431704]\'','\'(-inf-1.329943]\'','\'(2415.783096-2912.864949]\'','\'(31.410385-31.605478]\'','\'(40766151.36-41024423.08]\'','\'(10.677571-inf)\'','\'(37.404951-38.093331]\'',
'\'(15.0414-15.3522]\'','\'(15.6264-15.9372]\'','\'(351.614-364.428]\'',?,'\'(1.2094-1.3918]\'','\'(0.4648-0.4844]\'','\'(0.1212-0.1384]\'','\'(0.1576-inf)\'','\'(0.0622-inf)\'','\'(0.0658-0.0832]\'','\'(2.209-2.464]\'','\'(423.2-443.8]\'','\'(1.0206-1.1384]\'','\'(1.54-1.96]\'','\'(351.266-368.914]\'','\'(41.67783-45.7376]\'','\'(2186010911.8-2771707281.2]\'','\'(2.290353-2.523197]\'','\'(5622028907-6484367405]\'','\'(1.364626-1.550253]\'','\'(-inf-55.824638]\'','\'(79.057941-82.036643]\'','\'(-inf-95.398919]\'','\'(-inf-66.650212]\'','\'(70.54-98.58]\'','\'(80.88804-84.2832]\'','\'(0.868202-0.908548]\'','\'(7.149902-inf)\'',?,'\'(17.505592-19.29825]\'','\'(0.754349-3.968809]\'','\'(2791727.32-3025890.16]\'','\'(-inf-1.783841]\'','\'(6292884.6248-6866611.9372]\'','\'(-inf-7.685115]\'','\'(37168465.912-42621078.218]\'','\'(-inf-6.264455]\'','\'(5824165.7286-7103283.0244]\'','\'(17.264694-inf)\'','\'(3148486.2-4306524.8]\'','\'(0.426516-0.450679]\'','\'(0.603475-0.690834]\'','\'(3.838203-4.226173]\'','\'(39.236071-42.405661]\'','\'(8317228.3096-10055150.1548]\'','\'(19970912.5058-25263472.3372]\'','\'(-inf-0.559892]\'','\'(-inf-38.187954]\'','\'(6967399.7424-9012644.0568]\'','\'(-inf-2.538287]\'','\'(1573.497771-1692.132735]\'','\'(1977.372285-2366.37381]\'','\'(169.900099-inf)\'','\'(17.448466-17.810382]\'','\'(-inf-1.393007]\'','\'(-inf-288432000000]\'','\'(19.365328-20.359894]\'','\'(7.512339-10.929571]\'','\'(14.474994-inf)\'','\'(13.520698-16.479514]\'','\'(18.332669-19.308997]\'','\'(36.885758-39.06986]\'','\'(74.431704-77.18658]\'','\'(-inf-1.329943]\'','\'(2415.783096-2912.864949]\'','\'(31.410385-31.605478]\'','\'(40766151.36-41024423.08]\'','\'(10.677571-inf)\'','\'(37.404951-38.093331]\'',
'\'(14.7306-15.0414]\'','\'(15.3156-15.6264]\'','\'(351.614-364.428]\'',?,'\'(1.3918-1.5742]\'','\'(0.4648-0.4844]\'','\'(0.1384-0.1556]\'','\'(0.1576-inf)\'','\'(0.0622-inf)\'','\'(0.0658-0.0832]\'','\'(2.209-2.464]\'','\'(423.2-443.8]\'','\'(1.0206-1.1384]\'','\'(1.12-1.54]\'','\'(351.266-368.914]\'','\'(41.67783-45.7376]\'','\'(2186010911.8-2771707281.2]\'','\'(-inf-2.290353]\'','\'(5622028907-6484367405]\'','\'(1.364626-1.550253]\'','\'(55.824638-58.750334]\'','\'(79.057941-82.036643]\'','\'(-inf-95.398919]\'','\'(66.650212-71.140499]\'','\'(70.54-98.58]\'','\'(80.88804-84.2832]\'','\'(0.868202-0.908548]\'','\'(7.149902-inf)\'',?,'\'(17.505592-19.29825]\'','\'(0.754349-3.968809]\'','\'(2791727.32-3025890.16]\'','\'(-inf-1.783841]\'','\'(6292884.6248-6866611.9372]\'','\'(-inf-7.685115]\'','\'(37168465.912-42621078.218]\'','\'(-inf-6.264455]\'','\'(4545048.4328-5824165.7286]\'','\'(17.264694-inf)\'','\'(4306524.8-5464563.4]\'','\'(0.426516-0.450679]\'','\'(0.603475-0.690834]\'','\'(3.838203-4.226173]\'','\'(39.236071-42.405661]\'','\'(8317228.3096-10055150.1548]\'','\'(19970912.5058-25263472.3372]\'','\'(-inf-0.559892]\'','\'(-inf-38.187954]\'','\'(6967399.7424-9012644.0568]\'','\'(-inf-2.538287]\'','\'(1573.497771-1692.132735]\'','\'(1977.372285-2366.37381]\'','\'(159.166126-169.900099]\'','\'(17.448466-17.810382]\'','\'(-inf-1.393007]\'','\'(-inf-288432000000]\'','\'(19.365328-20.359894]\'','\'(7.512339-10.929571]\'','\'(14.474994-inf)\'','\'(13.520698-16.479514]\'','\'(17.356341-18.332669]\'','\'(36.885758-39.06986]\'','\'(74.431704-77.18658]\'','\'(-inf-1.329943]\'','\'(2912.864949-3409.946803]\'','\'(31.410385-31.605478]\'','\'(40766151.36-41024423.08]\'','\'(10.677571-inf)\'','\'(37.404951-38.093331]\'',
'\'(15.0414-15.3522]\'','\'(15.6264-15.9372]\'','\'(351.614-364.428]\'',?,'\'(1.3918-1.5742]\'','\'(0.4648-0.4844]\'','\'(0.1384-0.1556]\'','\'(0.1576-inf)\'','\'(0.0622-inf)\'','\'(0.0658-0.0832]\'','\'(2.209-2.464]\'','\'(423.2-443.8]\'','\'(1.0206-1.1384]\'','\'(-inf-1.12]\'','\'(351.266-368.914]\'','\'(41.67783-45.7376]\'','\'(2186010911.8-2771707281.2]\'','\'(-inf-2.290353]\'','\'(5622028907-6484367405]\'','\'(1.364626-1.550253]\'','\'(55.824638-58.750334]\'','\'(79.057941-82.036643]\'','\'(-inf-95.398919]\'','\'(66.650212-71.140499]\'','\'(70.54-98.58]\'','\'(77.49288-80.88804]\'','\'(0.868202-0.908548]\'','\'(5.5163-6.333101]\'',?,'\'(17.505592-19.29825]\'','\'(7.183269-inf)\'','\'(3025890.16-inf)\'','\'(6.382909-10.981977]\'','\'(6866611.9372-7440339.2496]\'','\'(7.685115-15.764663]\'','\'(42621078.218-48073690.524]\'','\'(34.464802-48.564975]\'','\'(8382400.3202-inf)\'','\'(17.264694-inf)\'','\'(4306524.8-5464563.4]\'','\'(0.402354-0.426516]\'','\'(0.516115-0.603475]\'','\'(3.838203-4.226173]\'','\'(39.236071-42.405661]\'','\'(8317228.3096-10055150.1548]\'','\'(19970912.5058-25263472.3372]\'','\'(-inf-0.559892]\'','\'(-inf-38.187954]\'','\'(6967399.7424-9012644.0568]\'','\'(-inf-2.538287]\'','\'(1573.497771-1692.132735]\'','\'(1977.372285-2366.37381]\'','\'(159.166126-169.900099]\'','\'(17.448466-17.810382]\'','\'(-inf-1.393007]\'','\'(-inf-288432000000]\'','\'(19.365328-20.359894]\'','\'(7.512339-10.929571]\'','\'(14.474994-inf)\'','\'(13.520698-16.479514]\'','\'(17.356341-18.332669]\'','\'(36.885758-39.06986]\'','\'(74.431704-77.18658]\'','\'(1.329943-2.30252]\'','\'(2912.864949-3409.946803]\'','\'(31.410385-31.605478]\'','\'(40766151.36-41024423.08]\'','\'(10.677571-inf)\'','\'(37.404951-38.093331]\'',
'\'(15.0414-15.3522]\'','\'(15.6264-15.9372]\'','\'(364.428-377.242]\'',?,'\'(1.3918-1.5742]\'','\'(0.4648-0.4844]\'','\'(0.1384-0.1556]\'','\'(0.1576-inf)\'','\'(0.0622-inf)\'','\'(0.0658-0.0832]\'','\'(2.209-2.464]\'','\'(423.2-443.8]\'','\'(1.0206-1.1384]\'','\'(1.96-2.38]\'','\'(351.266-368.914]\'','\'(45.7376-49.797371]\'','\'(2186010911.8-2771707281.2]\'','\'(-inf-2.290353]\'','\'(5622028907-6484367405]\'','\'(1.364626-1.550253]\'','\'(55.824638-58.750334]\'','\'(79.057941-82.036643]\'','\'(-inf-95.398919]\'','\'(66.650212-71.140499]\'','\'(70.54-98.58]\'','\'(77.49288-80.88804]\'','\'(0.908548-0.948894]\'','\'(5.5163-6.333101]\'',?,'\'(17.505592-19.29825]\'','\'(3.968809-7.183269]\'','\'(3025890.16-inf)\'','\'(-inf-1.783841]\'','\'(6292884.6248-6866611.9372]\'','\'(7.685115-15.764663]\'','\'(42621078.218-48073690.524]\'','\'(48.564975-inf)\'','\'(8382400.3202-inf)\'','\'(17.264694-inf)\'','\'(4306524.8-5464563.4]\'','\'(0.402354-0.426516]\'','\'(0.516115-0.603475]\'','\'(3.838203-4.226173]\'','\'(39.236071-42.405661]\'','\'(10055150.1548-inf)\'','\'(19970912.5058-25263472.3372]\'','\'(-inf-0.559892]\'','\'(-inf-38.187954]\'','\'(6967399.7424-9012644.0568]\'','\'(-inf-2.538287]\'','\'(1573.497771-1692.132735]\'','\'(1977.372285-2366.37381]\'','\'(159.166126-169.900099]\'','\'(17.810382-18.172297]\'','\'(-inf-1.393007]\'','\'(-inf-288432000000]\'','\'(18.370762-19.365328]\'','\'(7.512339-10.929571]\'','\'(14.474994-inf)\'','\'(16.479514-19.43833]\'','\'(17.356341-18.332669]\'','\'(36.885758-39.06986]\'','\'(74.431704-77.18658]\'','\'(1.329943-2.30252]\'','\'(2912.864949-3409.946803]\'','\'(31.215291-31.410385]\'','\'(40507879.64-40766151.36]\'','\'(10.677571-inf)\'','\'(38.093331-38.781711]\'',
'\'(15.0414-15.3522]\'','\'(15.6264-15.9372]\'','\'(364.428-377.242]\'',?,'\'(1.3918-1.5742]\'','\'(0.4648-0.4844]\'','\'(0.1384-0.1556]\'','\'(0.1576-inf)\'','\'(0.0622-inf)\'','\'(0.0658-0.0832]\'','\'(2.209-2.464]\'','\'(423.2-443.8]\'','\'(1.0206-1.1384]\'','\'(1.54-1.96]\'','\'(351.266-368.914]\'','\'(45.7376-49.797371]\'','\'(2771707281.2-3357403650.6]\'','\'(-inf-2.290353]\'','\'(5622028907-6484367405]\'','\'(-inf-1.364626]\'','\'(55.824638-58.750334]\'','\'(79.057941-82.036643]\'','\'(95.398919-95.664643]\'','\'(66.650212-71.140499]\'','\'(70.54-98.58]\'','\'(80.88804-84.2832]\'','\'(0.908548-0.948894]\'','\'(5.5163-6.333101]\'',?,'\'(19.29825-21.090908]\'','\'(-2.460111-0.754349]\'','\'(2791727.32-3025890.16]\'','\'(-inf-1.783841]\'','\'(6292884.6248-6866611.9372]\'','\'(-inf-7.685115]\'','\'(37168465.912-42621078.218]\'','\'(6.264455-20.364628]\'','\'(5824165.7286-7103283.0244]\'','\'(17.264694-inf)\'','\'(4306524.8-5464563.4]\'','\'(0.378192-0.402354]\'','\'(0.516115-0.603475]\'','\'(3.838203-4.226173]\'','\'(39.236071-42.405661]\'','\'(8317228.3096-10055150.1548]\'','\'(19970912.5058-25263472.3372]\'','\'(-inf-0.559892]\'','\'(-inf-38.187954]\'','\'(6967399.7424-9012644.0568]\'','\'(-inf-2.538287]\'','\'(1573.497771-1692.132735]\'','\'(1977.372285-2366.37381]\'','\'(148.432153-159.166126]\'','\'(17.810382-18.172297]\'','\'(-inf-1.393007]\'','\'(-inf-288432000000]\'','\'(18.370762-19.365328]\'','\'(7.512339-10.929571]\'','\'(14.474994-inf)\'','\'(16.479514-19.43833]\'','\'(16.380013-17.356341]\'','\'(36.885758-39.06986]\'','\'(77.18658-79.941455]\'','\'(2.30252-3.275097]\'','\'(2912.864949-3409.946803]\'','\'(31.215291-31.410385]\'','\'(40507879.64-40766151.36]\'','\'(10.677571-inf)\'','\'(37.404951-38.093331]\'',
'\'(15.0414-15.3522]\'','\'(15.6264-15.9372]\'','\'(364.428-377.242]\'',?,'\'(1.3918-1.5742]\'','\'(0.4648-0.4844]\'','\'(0.1384-0.1556]\'','\'(0.1576-inf)\'','\'(0.0622-inf)\'','\'(0.0658-0.0832]\'','\'(2.464-2.719]\'','\'(423.2-443.8]\'','\'(1.1384-1.2562]\'','\'(-inf-1.12]\'','\'(368.914-386.562]\'','\'(45.7376-49.797371]\'','\'(2771707281.2-3357403650.6]\'','\'(-inf-2.290353]\'','\'(5622028907-6484367405]\'','\'(-inf-1.364626]\'','\'(58.750334-61.676029]\'','\'(82.036643-85.015345]\'','\'(95.398919-95.664643]\'','\'(71.140499-75.630786]\'','\'(70.54-98.58]\'','\'(80.88804-84.2832]\'','\'(0.908548-0.948894]\'','\'(4.699498-5.5163]\'',?,'\'(19.29825-21.090908]\'','\'(-2.460111-0.754349]\'','\'(2791727.32-3025890.16]\'','\'(-inf-1.783841]\'','\'(6292884.6248-6866611.9372]\'','\'(-inf-7.685115]\'','\'(37168465.912-42621078.218]\'','\'(-inf-6.264455]\'','\'(5824165.7286-7103283.0244]\'','\'(17.264694-inf)\'','\'(4306524.8-5464563.4]\'','\'(0.378192-0.402354]\'','\'(0.428755-0.516115]\'','\'(3.838203-4.226173]\'','\'(39.236071-42.405661]\'','\'(10055150.1548-inf)\'','\'(19970912.5058-25263472.3372]\'','\'(-inf-0.559892]\'','\'(-inf-38.187954]\'','\'(6967399.7424-9012644.0568]\'','\'(-inf-2.538287]\'','\'(1573.497771-1692.132735]\'','\'(2366.37381-2755.375334]\'','\'(148.432153-159.166126]\'','\'(17.810382-18.172297]\'','\'(1.393007-2.539342]\'','\'(-inf-288432000000]\'','\'(-inf-18.370762]\'','\'(7.512339-10.929571]\'','\'(14.474994-inf)\'','\'(16.479514-19.43833]\'','\'(16.380013-17.356341]\'','\'(36.885758-39.06986]\'','\'(77.18658-79.941455]\'','\'(4.247674-inf)\'','\'(2912.864949-3409.946803]\'','\'(31.215291-31.410385]\'','\'(40507879.64-40766151.36]\'','\'(10.677571-inf)\'','\'(38.093331-38.781711]\'',
'\'(15.0414-15.3522]\'','\'(15.6264-15.9372]\'','\'(364.428-377.242]\'',?,'\'(1.3918-1.5742]\'','\'(0.4648-0.4844]\'','\'(0.1384-0.1556]\'','\'(0.1576-inf)\'','\'(0.0622-inf)\'','\'(0.0832-0.1006]\'','\'(2.464-2.719]\'','\'(423.2-443.8]\'','\'(1.1384-1.2562]\'','\'(1.12-1.54]\'','\'(368.914-386.562]\'','\'(45.7376-49.797371]\'','\'(2771707281.2-3357403650.6]\'','\'(-inf-2.290353]\'','\'(5622028907-6484367405]\'','\'(-inf-1.364626]\'','\'(58.750334-61.676029]\'','\'(82.036643-85.015345]\'','\'(95.398919-95.664643]\'','\'(71.140499-75.630786]\'','\'(70.54-98.58]\'','\'(80.88804-84.2832]\'','\'(0.908548-0.948894]\'','\'(4.699498-5.5163]\'',?,'\'(19.29825-21.090908]\'','\'(-inf--2.460111]\'','\'(2557564.48-2791727.32]\'','\'(-inf-1.783841]\'','\'(6292884.6248-6866611.9372]\'','\'(-inf-7.685115]\'','\'(37168465.912-42621078.218]\'','\'(-inf-6.264455]\'','\'(4545048.4328-5824165.7286]\'','\'(17.264694-inf)\'','\'(4306524.8-5464563.4]\'','\'(0.378192-0.402354]\'','\'(0.428755-0.516115]\'','\'(3.838203-4.226173]\'','\'(39.236071-42.405661]\'','\'(10055150.1548-inf)\'','\'(19970912.5058-25263472.3372]\'','\'(-inf-0.559892]\'','\'(-inf-38.187954]\'','\'(6967399.7424-9012644.0568]\'','\'(-inf-2.538287]\'','\'(1573.497771-1692.132735]\'','\'(2366.37381-2755.375334]\'','\'(148.432153-159.166126]\'','\'(17.448466-17.810382]\'','\'(1.393007-2.539342]\'','\'(-inf-288432000000]\'','\'(-inf-18.370762]\'','\'(-inf-7.512339]\'','\'(14.474994-inf)\'','\'(16.479514-19.43833]\'','\'(-inf-16.380013]\'','\'(36.885758-39.06986]\'','\'(77.18658-79.941455]\'','\'(2.30252-3.275097]\'','\'(2912.864949-3409.946803]\'','\'(31.215291-31.410385]\'','\'(40507879.64-40766151.36]\'','\'(10.677571-inf)\'','\'(38.093331-38.781711]\'',
'\'(15.0414-15.3522]\'','\'(15.6264-15.9372]\'','\'(364.428-377.242]\'',?,'\'(1.3918-1.5742]\'','\'(0.4648-0.4844]\'','\'(0.1384-0.1556]\'','\'(0.1576-inf)\'','\'(0.0622-inf)\'','\'(0.0832-0.1006]\'','\'(2.464-2.719]\'','\'(443.8-464.4]\'','\'(1.1384-1.2562]\'','\'(1.12-1.54]\'','\'(368.914-386.562]\'','\'(45.7376-49.797371]\'','\'(2771707281.2-3357403650.6]\'','\'(2.290353-2.523197]\'','\'(5622028907-6484367405]\'','\'(-inf-1.364626]\'','\'(58.750334-61.676029]\'','\'(82.036643-85.015345]\'','\'(95.398919-95.664643]\'','\'(71.140499-75.630786]\'','\'(70.54-98.58]\'','\'(80.88804-84.2832]\'','\'(0.908548-0.948894]\'','\'(4.699498-5.5163]\'',?,'\'(19.29825-21.090908]\'','\'(-inf--2.460111]\'','\'(2791727.32-3025890.16]\'','\'(1.783841-6.382909]\'','\'(6292884.6248-6866611.9372]\'','\'(7.685115-15.764663]\'','\'(42621078.218-48073690.524]\'','\'(20.364628-34.464802]\'','\'(7103283.0244-8382400.3202]\'','\'(17.264694-inf)\'','\'(4306524.8-5464563.4]\'','\'(0.378192-0.402354]\'','\'(0.428755-0.516115]\'','\'(3.838203-4.226173]\'','\'(39.236071-42.405661]\'','\'(10055150.1548-inf)\'','\'(25263472.3372-30556032.1686]\'','\'(-inf-0.559892]\'','\'(-inf-38.187954]\'','\'(9012644.0568-11057888.3712]\'','\'(-inf-2.538287]\'','\'(1573.497771-1692.132735]\'','\'(2366.37381-2755.375334]\'','\'(148.432153-159.166126]\'','\'(17.810382-18.172297]\'','\'(1.393007-2.539342]\'','\'(-inf-288432000000]\'','\'(-inf-18.370762]\'','\'(-inf-7.512339]\'','\'(14.474994-inf)\'','\'(16.479514-19.43833]\'','\'(-inf-16.380013]\'','\'(36.885758-39.06986]\'','\'(77.18658-79.941455]\'','\'(1.329943-2.30252]\'','\'(2912.864949-3409.946803]\'','\'(31.020198-31.215291]\'','\'(40249607.92-40507879.64]\'','\'(10.677571-inf)\'','\'(37.404951-38.093331]\'',
'\'(15.0414-15.3522]\'','\'(15.6264-15.9372]\'','\'(364.428-377.242]\'',?,'\'(1.5742-1.7566]\'','\'(0.4648-0.4844]\'','\'(0.1556-0.1728]\'','\'(0.1576-inf)\'','\'(0.0622-inf)\'','\'(0.0832-0.1006]\'','\'(2.464-2.719]\'','\'(443.8-464.4]\'','\'(1.1384-1.2562]\'','\'(1.54-1.96]\'','\'(368.914-386.562]\'','\'(45.7376-49.797371]\'','\'(2771707281.2-3357403650.6]\'','\'(2.290353-2.523197]\'','\'(5622028907-6484367405]\'','\'(-inf-1.364626]\'','\'(58.750334-61.676029]\'','\'(82.036643-85.015345]\'','\'(95.664643-95.930366]\'','\'(71.140499-75.630786]\'','\'(-inf-70.54]\'','\'(80.88804-84.2832]\'','\'(0.908548-0.948894]\'','\'(4.699498-5.5163]\'',?,'\'(19.29825-21.090908]\'','\'(-inf--2.460111]\'','\'(2791727.32-3025890.16]\'','\'(1.783841-6.382909]\'','\'(6292884.6248-6866611.9372]\'','\'(15.764663-23.844212]\'','\'(42621078.218-48073690.524]\'','\'(20.364628-34.464802]\'','\'(7103283.0244-8382400.3202]\'','\'(17.264694-inf)\'','\'(4306524.8-5464563.4]\'','\'(0.378192-0.402354]\'','\'(0.428755-0.516115]\'','\'(4.226173-4.614143]\'','\'(39.236071-42.405661]\'','\'(10055150.1548-inf)\'','\'(25263472.3372-30556032.1686]\'','\'(-inf-0.559892]\'','\'(-inf-38.187954]\'','\'(9012644.0568-11057888.3712]\'','\'(-inf-2.538287]\'','\'(1573.497771-1692.132735]\'','\'(2366.37381-2755.375334]\'','\'(148.432153-159.166126]\'','\'(17.448466-17.810382]\'','\'(1.393007-2.539342]\'','\'(-inf-288432000000]\'','\'(-inf-18.370762]\'','\'(-inf-7.512339]\'','\'(14.474994-inf)\'','\'(16.479514-19.43833]\'','\'(-inf-16.380013]\'','\'(39.06986-inf)\'','\'(77.18658-79.941455]\'','\'(1.329943-2.30252]\'','\'(2912.864949-3409.946803]\'','\'(31.020198-31.215291]\'','\'(40249607.92-40507879.64]\'','\'(10.677571-inf)\'','\'(37.404951-38.093331]\'',
'\'(15.0414-15.3522]\'','\'(15.6264-15.9372]\'','\'(364.428-377.242]\'',?,'\'(1.5742-1.7566]\'','\'(0.4648-0.4844]\'','\'(0.1556-0.1728]\'','\'(0.1576-inf)\'','\'(0.0622-inf)\'','\'(0.0832-0.1006]\'','\'(2.464-2.719]\'','\'(443.8-464.4]\'','\'(1.1384-1.2562]\'','\'(1.12-1.54]\'','\'(368.914-386.562]\'','\'(45.7376-49.797371]\'','\'(2771707281.2-3357403650.6]\'','\'(2.290353-2.523197]\'','\'(5622028907-6484367405]\'','\'(-inf-1.364626]\'','\'(58.750334-61.676029]\'','\'(82.036643-85.015345]\'','\'(95.664643-95.930366]\'','\'(71.140499-75.630786]\'','\'(-inf-70.54]\'','\'(84.2832-87.67836]\'','\'(0.908548-0.948894]\'','\'(4.699498-5.5163]\'',?,'\'(19.29825-21.090908]\'','\'(-2.460111-0.754349]\'','\'(2791727.32-3025890.16]\'','\'(1.783841-6.382909]\'','\'(6866611.9372-7440339.2496]\'','\'(15.764663-23.844212]\'','\'(42621078.218-48073690.524]\'','\'(6.264455-20.364628]\'','\'(7103283.0244-8382400.3202]\'','\'(17.264694-inf)\'','\'(4306524.8-5464563.4]\'','\'(0.378192-0.402354]\'','\'(0.428755-0.516115]\'','\'(4.226173-4.614143]\'','\'(39.236071-42.405661]\'','\'(10055150.1548-inf)\'','\'(25263472.3372-30556032.1686]\'','\'(-inf-0.559892]\'','\'(-inf-38.187954]\'','\'(9012644.0568-11057888.3712]\'','\'(-inf-2.538287]\'','\'(1692.132735-1810.7677]\'','\'(2366.37381-2755.375334]\'','\'(148.432153-159.166126]\'','\'(17.448466-17.810382]\'','\'(1.393007-2.539342]\'','\'(288432000000-573824000000]\'','\'(-inf-18.370762]\'','\'(-inf-7.512339]\'','\'(14.474994-inf)\'','\'(19.43833-inf)\'','\'(-inf-16.380013]\'','\'(39.06986-inf)\'','\'(77.18658-79.941455]\'','\'(1.329943-2.30252]\'','\'(2912.864949-3409.946803]\'','\'(31.020198-31.215291]\'','\'(40249607.92-40507879.64]\'','\'(10.677571-inf)\'','\'(37.404951-38.093331]\'',
'\'(15.3522-inf)\'','\'(15.9372-inf)\'','\'(377.242-390.056]\'',?,'\'(1.5742-1.7566]\'','\'(0.4648-0.4844]\'','\'(0.1556-0.1728]\'','\'(0.1576-inf)\'','\'(0.0622-inf)\'','\'(0.0832-0.1006]\'','\'(2.464-2.719]\'','\'(443.8-464.4]\'','\'(1.1384-1.2562]\'','\'(1.12-1.54]\'','\'(368.914-386.562]\'','\'(45.7376-49.797371]\'','\'(2771707281.2-3357403650.6]\'','\'(2.290353-2.523197]\'','\'(6484367405-inf)\'','\'(-inf-1.364626]\'','\'(61.676029-64.601724]\'','\'(85.015345-87.994047]\'','\'(95.664643-95.930366]\'','\'(75.630786-80.121074]\'','\'(-inf-70.54]\'','\'(84.2832-87.67836]\'','\'(0.948894-inf)\'','\'(-inf-4.699498]\'','\'(3.090324-3.101572]\'','\'(19.29825-21.090908]\'','\'(-2.460111-0.754349]\'','\'(2791727.32-3025890.16]\'','\'(6.382909-10.981977]\'','\'(6866611.9372-7440339.2496]\'','\'(15.764663-23.844212]\'','\'(42621078.218-48073690.524]\'','\'(20.364628-34.464802]\'','\'(7103283.0244-8382400.3202]\'','\'(17.264694-inf)\'','\'(4306524.8-5464563.4]\'','\'(0.378192-0.402354]\'','\'(0.428755-0.516115]\'','\'(4.226173-4.614143]\'','\'(36.066481-39.236071]\'','\'(10055150.1548-inf)\'','\'(25263472.3372-30556032.1686]\'','\'(-inf-0.559892]\'','\'(38.187954-42.348282]\'','\'(11057888.3712-13103132.6856]\'','\'(-inf-2.538287]\'','\'(1692.132735-1810.7677]\'','\'(2366.37381-2755.375334]\'','\'(137.698181-148.432153]\'','\'(17.448466-17.810382]\'','\'(1.393007-2.539342]\'','\'(288432000000-573824000000]\'','\'(-inf-18.370762]\'','\'(-inf-7.512339]\'','\'(14.474994-inf)\'','\'(19.43833-inf)\'','\'(-inf-16.380013]\'','\'(39.06986-inf)\'','\'(79.941455-82.696331]\'','\'(2.30252-3.275097]\'','\'(2912.864949-3409.946803]\'','\'(31.020198-31.215291]\'','\'(40249607.92-40507879.64]\'','\'(10.677571-inf)\'','\'(37.404951-38.093331]\'',
'\'(15.0414-15.3522]\'','\'(15.6264-15.9372]\'','\'(377.242-390.056]\'',?,'\'(1.5742-1.7566]\'','\'(0.4648-0.4844]\'','\'(0.1556-0.1728]\'','\'(0.1576-inf)\'','\'(0.0564-0.0622]\'','\'(0.0832-0.1006]\'','\'(2.464-2.719]\'','\'(443.8-464.4]\'','\'(1.1384-1.2562]\'','\'(1.54-1.96]\'','\'(368.914-386.562]\'','\'(45.7376-49.797371]\'','\'(2771707281.2-3357403650.6]\'','\'(-inf-2.290353]\'','\'(6484367405-inf)\'','\'(-inf-1.364626]\'','\'(61.676029-64.601724]\'','\'(85.015345-87.994047]\'','\'(95.664643-95.930366]\'','\'(75.630786-80.121074]\'','\'(-inf-70.54]\'','\'(84.2832-87.67836]\'','\'(0.948894-inf)\'','\'(-inf-4.699498]\'','\'(3.067827-3.079076]\'','\'(19.29825-21.090908]\'','\'(3.968809-7.183269]\'','\'(3025890.16-inf)\'','\'(10.981977-15.581044]\'','\'(7440339.2496-inf)\'','\'(23.844212-31.92376]\'','\'(48073690.524-inf)\'','\'(20.364628-34.464802]\'','\'(7103283.0244-8382400.3202]\'','\'(17.264694-inf)\'','\'(5464563.4-inf)\'','\'(0.378192-0.402354]\'','\'(-inf-0.428755]\'','\'(4.614143-inf)\'','\'(36.066481-39.236071]\'','\'(10055150.1548-inf)\'','\'(25263472.3372-30556032.1686]\'','\'(-inf-0.559892]\'','\'(38.187954-42.348282]\'','\'(11057888.3712-13103132.6856]\'','\'(-inf-2.538287]\'','\'(1692.132735-1810.7677]\'','\'(2366.37381-2755.375334]\'','\'(137.698181-148.432153]\'','\'(17.448466-17.810382]\'','\'(1.393007-2.539342]\'','\'(288432000000-573824000000]\'','\'(-inf-18.370762]\'','\'(-inf-7.512339]\'','\'(14.474994-inf)\'','\'(19.43833-inf)\'','\'(-inf-16.380013]\'','\'(39.06986-inf)\'','\'(79.941455-82.696331]\'','\'(3.275097-4.247674]\'','\'(2912.864949-3409.946803]\'','\'(31.020198-31.215291]\'','\'(40249607.92-40507879.64]\'','\'(10.677571-inf)\'','\'(37.404951-38.093331]\'',
'\'(15.0414-15.3522]\'','\'(15.6264-15.9372]\'','\'(377.242-390.056]\'',?,'\'(1.5742-1.7566]\'','\'(0.4648-0.4844]\'','\'(0.1556-0.1728]\'','\'(0.1576-inf)\'','\'(0.0564-0.0622]\'','\'(0.0832-0.1006]\'','\'(2.464-2.719]\'','\'(443.8-464.4]\'','\'(1.1384-1.2562]\'','\'(1.12-1.54]\'','\'(368.914-386.562]\'','\'(49.797371-inf)\'','\'(2771707281.2-3357403650.6]\'','\'(-inf-2.290353]\'','\'(6484367405-inf)\'','\'(-inf-1.364626]\'','\'(61.676029-64.601724]\'','\'(85.015345-87.994047]\'','\'(95.930366-96.196089]\'','\'(75.630786-80.121074]\'','\'(-inf-70.54]\'','\'(84.2832-87.67836]\'','\'(0.948894-inf)\'','\'(-inf-4.699498]\'','\'(3.079076-3.090324]\'','\'(19.29825-21.090908]\'','\'(7.183269-inf)\'','\'(3025890.16-inf)\'','\'(10.981977-15.581044]\'','\'(7440339.2496-inf)\'','\'(23.844212-31.92376]\'','\'(48073690.524-inf)\'','\'(20.364628-34.464802]\'','\'(7103283.0244-8382400.3202]\'','\'(17.264694-inf)\'','\'(5464563.4-inf)\'','\'(-inf-0.378192]\'','\'(-inf-0.428755]\'','\'(4.614143-inf)\'','\'(36.066481-39.236071]\'','\'(10055150.1548-inf)\'','\'(30556032.1686-inf)\'','\'(-inf-0.559892]\'','\'(38.187954-42.348282]\'','\'(11057888.3712-13103132.6856]\'','\'(-inf-2.538287]\'','\'(1810.7677-inf)\'','\'(2755.375334-inf)\'','\'(137.698181-148.432153]\'','\'(17.448466-17.810382]\'','\'(1.393007-2.539342]\'','\'(288432000000-573824000000]\'','\'(-inf-18.370762]\'','\'(-inf-7.512339]\'','\'(11.357215-14.474994]\'','\'(19.43833-inf)\'','\'(-inf-16.380013]\'','\'(39.06986-inf)\'','\'(79.941455-82.696331]\'','\'(4.247674-inf)\'','\'(2912.864949-3409.946803]\'','\'(31.020198-31.215291]\'','\'(40249607.92-40507879.64]\'','\'(10.677571-inf)\'','\'(37.404951-38.093331]\'',
'\'(15.0414-15.3522]\'','\'(15.6264-15.9372]\'','\'(377.242-390.056]\'',?,'\'(1.5742-1.7566]\'','\'(0.4844-inf)\'','\'(0.1556-0.1728]\'','\'(0.1576-inf)\'','\'(0.0564-0.0622]\'','\'(0.0832-0.1006]\'','\'(2.719-inf)\'','\'(443.8-464.4]\'','\'(1.2562-inf)\'','\'(1.54-1.96]\'','\'(368.914-386.562]\'','\'(49.797371-inf)\'','\'(3357403650.6-inf)\'','\'(-inf-2.290353]\'','\'(6484367405-inf)\'','\'(-inf-1.364626]\'','\'(61.676029-64.601724]\'','\'(85.015345-87.994047]\'','\'(95.930366-96.196089]\'','\'(75.630786-80.121074]\'','\'(-inf-70.54]\'','\'(87.67836-inf)\'','\'(0.948894-inf)\'','\'(-inf-4.699498]\'','\'(3.079076-3.090324]\'','\'(21.090908-inf)\'','\'(0.754349-3.968809]\'','\'(3025890.16-inf)\'','\'(10.981977-15.581044]\'','\'(7440339.2496-inf)\'','\'(23.844212-31.92376]\'','\'(48073690.524-inf)\'','\'(-inf-6.264455]\'','\'(5824165.7286-7103283.0244]\'','\'(17.264694-inf)\'','\'(5464563.4-inf)\'','\'(-inf-0.378192]\'','\'(-inf-0.428755]\'','\'(4.614143-inf)\'','\'(-inf-36.066481]\'','\'(10055150.1548-inf)\'','\'(30556032.1686-inf)\'','\'(-inf-0.559892]\'','\'(38.187954-42.348282]\'','\'(11057888.3712-13103132.6856]\'','\'(-inf-2.538287]\'','\'(1810.7677-inf)\'','\'(2755.375334-inf)\'','\'(137.698181-148.432153]\'','\'(17.448466-17.810382]\'','\'(2.539342-3.685677]\'','\'(288432000000-573824000000]\'','\'(18.370762-19.365328]\'','\'(-inf-7.512339]\'','\'(11.357215-14.474994]\'','\'(19.43833-inf)\'','\'(-inf-16.380013]\'','\'(39.06986-inf)\'','\'(79.941455-82.696331]\'','\'(3.275097-4.247674]\'','\'(3409.946803-inf)\'','\'(-inf-31.020198]\'','\'(-inf-40249607.92]\'','\'(10.677571-inf)\'','\'(37.404951-38.093331]\'',
'\'(15.0414-15.3522]\'','\'(15.6264-15.9372]\'','\'(377.242-390.056]\'',?,'\'(1.7566-inf)\'','\'(0.4844-inf)\'','\'(0.1556-0.1728]\'','\'(0.1576-inf)\'','\'(0.0564-0.0622]\'','\'(0.1006-inf)\'','\'(2.719-inf)\'','\'(464.4-inf)\'','\'(1.2562-inf)\'','\'(1.12-1.54]\'','\'(386.562-inf)\'','\'(49.797371-inf)\'','\'(3357403650.6-inf)\'','\'(-inf-2.290353]\'','\'(6484367405-inf)\'','\'(-inf-1.364626]\'','\'(61.676029-64.601724]\'','\'(85.015345-87.994047]\'','\'(95.930366-96.196089]\'','\'(75.630786-80.121074]\'','\'(-inf-70.54]\'','\'(87.67836-inf)\'','\'(0.948894-inf)\'','\'(-inf-4.699498]\'','\'(3.101572-inf)\'','\'(21.090908-inf)\'','\'(0.754349-3.968809]\'','\'(3025890.16-inf)\'','\'(15.581044-inf)\'','\'(7440339.2496-inf)\'','\'(23.844212-31.92376]\'','\'(48073690.524-inf)\'','\'(-inf-6.264455]\'','\'(4545048.4328-5824165.7286]\'','\'(17.264694-inf)\'','\'(5464563.4-inf)\'','\'(-inf-0.378192]\'','\'(-inf-0.428755]\'','\'(4.614143-inf)\'','\'(-inf-36.066481]\'','\'(10055150.1548-inf)\'','\'(30556032.1686-inf)\'','\'(-inf-0.559892]\'','\'(38.187954-42.348282]\'','\'(11057888.3712-13103132.6856]\'','\'(-inf-2.538287]\'','\'(1692.132735-1810.7677]\'','\'(2755.375334-inf)\'','\'(-inf-137.698181]\'','\'(18.172297-18.534213]\'','\'(2.539342-3.685677]\'','\'(573824000000-859216000000]\'','\'(18.370762-19.365328]\'','\'(-inf-7.512339]\'','\'(11.357215-14.474994]\'','\'(19.43833-inf)\'','\'(-inf-16.380013]\'','\'(39.06986-inf)\'','\'(82.696331-inf)\'','\'(1.329943-2.30252]\'','\'(3409.946803-inf)\'','\'(-inf-31.020198]\'','\'(-inf-40249607.92]\'','\'(10.677571-inf)\'','\'(37.404951-38.093331]\'',
'\'(15.3522-inf)\'','\'(15.9372-inf)\'','\'(377.242-390.056]\'',?,'\'(1.7566-inf)\'','\'(0.4844-inf)\'','\'(0.1728-inf)\'','\'(0.1576-inf)\'','\'(0.0564-0.0622]\'','\'(0.1006-inf)\'','\'(2.719-inf)\'','\'(464.4-inf)\'','\'(1.2562-inf)\'','\'(1.54-1.96]\'','\'(386.562-inf)\'','\'(49.797371-inf)\'','\'(3357403650.6-inf)\'','\'(-inf-2.290353]\'','\'(6484367405-inf)\'','\'(-inf-1.364626]\'','\'(64.601724-inf)\'','\'(87.994047-inf)\'','\'(95.930366-96.196089]\'','\'(80.121074-inf)\'','\'(-inf-70.54]\'','\'(87.67836-inf)\'','\'(0.948894-inf)\'','\'(-inf-4.699498]\'','\'(3.101572-inf)\'','\'(21.090908-inf)\'','\'(3.968809-7.183269]\'','\'(3025890.16-inf)\'','\'(15.581044-inf)\'','\'(7440339.2496-inf)\'','\'(31.92376-inf)\'','\'(48073690.524-inf)\'','\'(6.264455-20.364628]\'','\'(5824165.7286-7103283.0244]\'','\'(17.264694-inf)\'','\'(5464563.4-inf)\'','\'(-inf-0.378192]\'','\'(-inf-0.428755]\'','\'(4.614143-inf)\'','\'(-inf-36.066481]\'','\'(10055150.1548-inf)\'','\'(30556032.1686-inf)\'','\'(-inf-0.559892]\'','\'(38.187954-42.348282]\'','\'(13103132.6856-inf)\'','\'(2.538287-2.644088]\'','\'(1810.7677-inf)\'','\'(2755.375334-inf)\'','\'(137.698181-148.432153]\'','\'(17.810382-18.172297]\'','\'(2.539342-3.685677]\'','\'(573824000000-859216000000]\'','\'(19.365328-20.359894]\'','\'(-inf-7.512339]\'','\'(11.357215-14.474994]\'','\'(19.43833-inf)\'','\'(-inf-16.380013]\'','\'(39.06986-inf)\'','\'(82.696331-inf)\'','\'(2.30252-3.275097]\'','\'(3409.946803-inf)\'','\'(-inf-31.020198]\'','\'(-inf-40249607.92]\'','\'(10.677571-inf)\'','\'(37.404951-38.093331]\'',
'\'(15.0414-15.3522]\'','\'(15.6264-15.9372]\'','\'(390.056-inf)\'',?,'\'(1.7566-inf)\'','\'(0.4844-inf)\'','\'(0.1728-inf)\'','\'(0.1576-inf)\'','\'(0.0564-0.0622]\'','\'(0.1006-inf)\'','\'(2.719-inf)\'','\'(464.4-inf)\'','\'(1.2562-inf)\'','\'(1.12-1.54]\'','\'(386.562-inf)\'','\'(49.797371-inf)\'','\'(3357403650.6-inf)\'','\'(-inf-2.290353]\'','\'(6484367405-inf)\'','\'(-inf-1.364626]\'','\'(64.601724-inf)\'','\'(87.994047-inf)\'','\'(95.930366-96.196089]\'','\'(80.121074-inf)\'','\'(-inf-70.54]\'','\'(87.67836-inf)\'','\'(0.948894-inf)\'','\'(-inf-4.699498]\'','\'(3.101572-inf)\'','\'(21.090908-inf)\'','\'(3.968809-7.183269]\'','\'(3025890.16-inf)\'','\'(15.581044-inf)\'','\'(7440339.2496-inf)\'','\'(31.92376-inf)\'','\'(48073690.524-inf)\'','\'(34.464802-48.564975]\'','\'(7103283.0244-8382400.3202]\'','\'(17.264694-inf)\'','\'(5464563.4-inf)\'','\'(-inf-0.378192]\'','\'(-inf-0.428755]\'','\'(4.614143-inf)\'','\'(-inf-36.066481]\'','\'(10055150.1548-inf)\'','\'(30556032.1686-inf)\'','\'(-inf-0.559892]\'','\'(42.348282-46.508611]\'','\'(13103132.6856-inf)\'','\'(2.538287-2.644088]\'','\'(1810.7677-inf)\'','\'(2755.375334-inf)\'','\'(-inf-137.698181]\'','\'(17.810382-18.172297]\'','\'(3.685677-4.832012]\'','\'(859216000000-1144608000000]\'','\'(19.365328-20.359894]\'','\'(-inf-7.512339]\'','\'(11.357215-14.474994]\'','\'(19.43833-inf)\'','\'(-inf-16.380013]\'','\'(39.06986-inf)\'','\'(79.941455-82.696331]\'','\'(2.30252-3.275097]\'','\'(3409.946803-inf)\'','\'(-inf-31.020198]\'','\'(-inf-40249607.92]\'','\'(10.677571-inf)\'','\'(36.71657-37.404951]\'',
'\'(15.0414-15.3522]\'','\'(15.6264-15.9372]\'','\'(390.056-inf)\'',?,'\'(1.7566-inf)\'','\'(0.4844-inf)\'','\'(0.1728-inf)\'','\'(0.1576-inf)\'','\'(0.0564-0.0622]\'','\'(0.1006-inf)\'','\'(2.719-inf)\'','\'(464.4-inf)\'','\'(1.2562-inf)\'','\'(1.12-1.54]\'','\'(386.562-inf)\'','\'(49.797371-inf)\'','\'(3357403650.6-inf)\'','\'(-inf-2.290353]\'','\'(6484367405-inf)\'','\'(-inf-1.364626]\'','\'(64.601724-inf)\'','\'(87.994047-inf)\'','\'(96.196089-inf)\'','\'(80.121074-inf)\'','\'(-inf-70.54]\'','\'(87.67836-inf)\'','\'(0.948894-inf)\'','\'(-inf-4.699498]\'','\'(3.079076-3.090324]\'','\'(21.090908-inf)\'','\'(3.968809-7.183269]\'','\'(3025890.16-inf)\'','\'(15.581044-inf)\'','\'(7440339.2496-inf)\'','\'(31.92376-inf)\'','\'(48073690.524-inf)\'','\'(34.464802-48.564975]\'','\'(7103283.0244-8382400.3202]\'','\'(17.264694-inf)\'','\'(5464563.4-inf)\'','\'(-inf-0.378192]\'','\'(-inf-0.428755]\'','\'(4.614143-inf)\'','\'(-inf-36.066481]\'','\'(10055150.1548-inf)\'','\'(30556032.1686-inf)\'','\'(-inf-0.559892]\'','\'(38.187954-42.348282]\'','\'(13103132.6856-inf)\'','\'(2.538287-2.644088]\'','\'(1810.7677-inf)\'','\'(2755.375334-inf)\'','\'(-inf-137.698181]\'','\'(18.172297-18.534213]\'','\'(3.685677-4.832012]\'','\'(859216000000-1144608000000]\'','\'(20.359894-21.354461]\'','\'(-inf-7.512339]\'','\'(8.239436-11.357215]\'','\'(19.43833-inf)\'','\'(-inf-16.380013]\'','\'(39.06986-inf)\'','\'(82.696331-inf)\'','\'(2.30252-3.275097]\'','\'(3409.946803-inf)\'','\'(-inf-31.020198]\'','\'(-inf-40249607.92]\'','\'(10.677571-inf)\'','\'(37.404951-38.093331]\'',
'\'(15.0414-15.3522]\'','\'(15.6264-15.9372]\'','\'(390.056-inf)\'',?,'\'(1.7566-inf)\'','\'(0.4844-inf)\'','\'(0.1728-inf)\'','\'(0.1576-inf)\'','\'(0.0564-0.0622]\'','\'(0.1006-inf)\'','\'(2.719-inf)\'','\'(464.4-inf)\'','\'(1.2562-inf)\'','\'(1.96-2.38]\'','\'(386.562-inf)\'','\'(49.797371-inf)\'','\'(3357403650.6-inf)\'','\'(-inf-2.290353]\'','\'(6484367405-inf)\'','\'(-inf-1.364626]\'','\'(64.601724-inf)\'','\'(87.994047-inf)\'','\'(96.196089-inf)\'','\'(80.121074-inf)\'','\'(-inf-70.54]\'','\'(87.67836-inf)\'','\'(0.948894-inf)\'','\'(-inf-4.699498]\'','\'(3.067827-3.079076]\'','\'(21.090908-inf)\'',?,?,?,?,?,?,?,?,'\'(17.264694-inf)\'','\'(5464563.4-inf)\'','\'(-inf-0.378192]\'','\'(-inf-0.428755]\'','\'(4.614143-inf)\'','\'(-inf-36.066481]\'','\'(10055150.1548-inf)\'','\'(30556032.1686-inf)\'','\'(-inf-0.559892]\'','\'(38.187954-42.348282]\'','\'(13103132.6856-inf)\'','\'(2.538287-2.644088]\'','\'(1810.7677-inf)\'','\'(2755.375334-inf)\'','\'(-inf-137.698181]\'','\'(18.534213-inf)\'','\'(4.832012-inf)\'','\'(1144608000000-inf)\'','\'(21.354461-inf)\'','\'(-inf-7.512339]\'','\'(8.239436-11.357215]\'','\'(19.43833-inf)\'','\'(-inf-16.380013]\'','\'(39.06986-inf)\'','\'(82.696331-inf)\'','\'(2.30252-3.275097]\'','\'(3409.946803-inf)\'','\'(-inf-31.020198]\'','\'(-inf-40249607.92]\'','\'(10.677571-inf)\'','\'(36.71657-37.404951]\'',
'\'(15.3522-inf)\'','\'(15.9372-inf)\'','\'(390.056-inf)\'',?,'\'(1.7566-inf)\'','\'(0.4844-inf)\'','\'(0.1728-inf)\'','\'(0.1576-inf)\'','\'(0.0564-0.0622]\'','\'(0.1006-inf)\'','\'(2.719-inf)\'','\'(464.4-inf)\'','\'(1.2562-inf)\'','\'(1.54-1.96]\'','\'(386.562-inf)\'','\'(49.797371-inf)\'','\'(3357403650.6-inf)\'','\'(-inf-2.290353]\'','\'(6484367405-inf)\'','\'(-inf-1.364626]\'','\'(64.601724-inf)\'','\'(87.994047-inf)\'','\'(96.196089-inf)\'','\'(80.121074-inf)\'','\'(-inf-70.54]\'','\'(87.67836-inf)\'','\'(0.948894-inf)\'','\'(-inf-4.699498]\'','\'(-inf-3.067827]\'','\'(21.090908-inf)\'',?,?,?,?,?,?,?,?,?,?,?,?,?,?,?,?,?,?,?,?,'\'(1810.7677-inf)\'','\'(2755.375334-inf)\'','\'(-inf-137.698181]\'','\'(18.534213-inf)\'','\'(4.832012-inf)\'','\'(1144608000000-inf)\'','\'(21.354461-inf)\'','\'(-inf-7.512339]\'','\'(8.239436-11.357215]\'','\'(19.43833-inf)\'','\'(-inf-16.380013]\'','\'(39.06986-inf)\'','\'(82.696331-inf)\'','\'(1.329943-2.30252]\'','\'(3409.946803-inf)\'','\'(-inf-31.020198]\'','\'(-inf-40249607.92]\'','\'(10.677571-inf)\'','\'(37.404951-38.093331]\'',
'\'(15.3522-inf)\'','\'(15.9372-inf)\'','\'(390.056-inf)\'',?,'\'(1.7566-inf)\'','\'(0.4844-inf)\'','\'(0.1728-inf)\'','\'(0.1576-inf)\'','\'(0.0564-0.0622]\'','\'(0.1006-inf)\'','\'(2.719-inf)\'','\'(464.4-inf)\'','\'(1.2562-inf)\'','\'(1.54-1.96]\'','\'(386.562-inf)\'','\'(49.797371-inf)\'','\'(3357403650.6-inf)\'','\'(-inf-2.290353]\'','\'(6484367405-inf)\'','\'(-inf-1.364626]\'','\'(64.601724-inf)\'','\'(87.994047-inf)\'','\'(96.196089-inf)\'','\'(80.121074-inf)\'','\'(-inf-70.54]\'',?,?,?,'\'(-inf-3.067827]\'','\'(21.090908-inf)\'',?,?,?,?,?,?,?,?,?,?,?,?,?,?,?,?,?,?,?,?,?,?,?,?,?,?,?,?,?,?,?,?,?,'\'(2.30252-3.275097]\'',?,'\'(-inf-31.020198]\'','\'(-inf-40249607.92]\'',?,?,?
'\'(15.3522-inf)\'','\'(15.9372-inf)\'','\'(390.056-inf)\'',?,?,?,?,?,?,?,?,?,?,?,'\'(386.562-inf)\'',?,?,?,?,?,?,?,?,?,?,?,?,?,?,?,?,?,?,?,?,?,?,?,?,?,?,?,?,?,?,?,?,?,?,?,?,?,?,?,?,?,?,?,?,?,?,?,?,?,?,?,?,?,?,?