Year,Average air temperature above sea ice (degrees in Celcius),Average water temperature below sea ice (degrees in Celcius),Global Annual Mean CO2,"CO2, 20 Year Smoothed",CO2,CH4,N2O,CFC12,CFC11,15-minor,Total,CO2-eq (ppm) Total,AGGI 1990 = 1,AGGI % change *,Global Mean CO2 NOAA ppm,Urban population (% of total),Urban population,Urban population growth (annual %),"Population, total",Population growth (annual %),Poverty headcount ratio at $1.90 a day (2011 PPP) (% of population),"Prevalence of underweight, weight for age (% of children under 5)",Improved sanitation facilities (% of population with access),"Community health workers (per 1,000 people)",Improved water source (% of population with access),"Improved water source, urban (% of urban population with access)","Improved water source, rural (% of rural population with access)","Mortality rate, under-5 (per 1,000 live births)","Primary completion rate, total (% of relevant age group)","School enrollment, primary and secondary (gross), gender parity index (GPI)","Agriculture, value added (% of GDP)",CPIA public sector management and institutions cluster average (1=low to 6=high),Ease of doing business index (1=most business-friendly regulations),Terrestrial and marine protected areas (% of total territorial area),Marine protected areas (% of territorial waters),Terrestrial protected areas (% of total land area),"Annual freshwater withdrawals, total (% of internal resources)","Annual freshwater withdrawals, total (billion cubic meters)",Population in urban agglomerations of more than 1 million (% of total population),Population living in areas where elevation is below 5 meters (% of total population),Urban population living in areas where elevation is below 5 meters (% of total population),Rural population living in areas where elevation is below 5 meters (% of total population),"Droughts, floods, extreme temperatures (% of population, average 1990-2009)",GHG net emissions/removals by LUCF (Mt of CO2 equivalent),Disaster risk reduction progress score (1-5 scale; 5=best),SF6 gas emissions (thousand metric tons of CO2 equivalent),PFC gas emissions (thousand metric tons of CO2 equivalent),Nitrous oxide emissions (% change from 1990),Nitrous oxide emissions (thousand metric tons of CO2 equivalent),Methane emissions (% change from 1990),Methane emissions (kt of CO2 equivalent),HFC gas emissions (thousand metric tons of CO2 equivalent),Total greenhouse gas emissions (% change from 1990),Total greenhouse gas emissions (kt of CO2 equivalent),Other greenhouse gas emissions (% change from 1990),"Other greenhouse gas emissions, HFC, PFC and SF6 (thousand metric tons of CO2 equivalent)",CO2 emissions from solid fuel consumption (% of total),CO2 emissions from solid fuel consumption (kt),CO2 emissions (kg per 2011 PPP $ of GDP),CO2 emissions (kg per PPP $ of GDP),CO2 emissions (metric tons per capita),CO2 emissions from liquid fuel consumption (% of total),CO2 emissions from liquid fuel consumption (kt),CO2 emissions (kt),CO2 emissions (kg per 2010 US$ of GDP),CO2 emissions from gaseous fuel consumption (% of total),CO2 emissions from gaseous fuel consumption (kt),CO2 intensity (kg per kg of oil equivalent energy use),Energy use (kg of oil equivalent per capita),Electric power consumption (kWh per capita),"Energy use (kg of oil equivalent) per $1,000 GDP (constant 2011 PPP)",Renewable energy consumption (% of total final energy consumption),"Electricity production from renewable sources, excluding hydroelectric (% of total)","Electricity production from renewable sources, excluding hydroelectric (kWh)",Renewable electricity output (% of total electricity output),Electricity production from oil sources (% of total),Electricity production from nuclear sources (% of total),Electricity production from natural gas sources (% of total),Electricity production from hydroelectric sources (% of total),Electricity production from coal sources (% of total),Access to electricity (% of population),"Foreign direct investment, net inflows (% of GDP)",Cereal yield (kg per hectare),Average precipitation in depth (mm per year),Agricultural irrigated land (% of total agricultural land),Forest area (% of land area),Forest area (sq. km),Land area where elevation is below 5 meters (% of total land area),Urban land area where elevation is below 5 meters (% of total land area),Urban land area where elevation is below 5 meters (sq. km),Rural land area where elevation is below 5 meters (% of total land area),Rural land area where elevation is below 5 meters (sq. km),Arable land (% of land area),Agricultural land (% of land area),Agricultural land (sq. km),,,,,,,,,,,,,,,,,,,,
1850,14.234,14.866,,284.7,,,,,,,,,,,,,,,,,,,,,,,,,,,,,,,,,,,,,,,,,,,,,,,,,,,,,,,,,,,,,,,,,,,,,,,,,,,,,,,,,,,,,,,,,,,,,,,,,,,,,,,,,,,,,,,284.7
1851,14.373,14.958,,284.9,,,,,,,,,,,,,,,,,,,,,,,,,,,,,,,,,,,,,,,,,,,,,,,,,,,,,,,,,,,,,,,,,,,,,,,,,,,,,,,,,,,,,,,,,,,,,,,,,,,,,,,,,,,,,,,284.9
1852,14.376,14.961,,285,,,,,,,,,,,,,,,,,,,,,,,,,,,,,,,,,,,,,,,,,,,,,,,,,,,,,,,,,,,,,,,,,,,,,,,,,,,,,,,,,,,,,,,,,,,,,,,,,,,,,,,,,,,,,,,285
1853,14.337,14.922,,285.1,,,,,,,,,,,,,,,,,,,,,,,,,,,,,,,,,,,,,,,,,,,,,,,,,,,,,,,,,,,,,,,,,,,,,,,,,,,,,,,,,,,,,,,,,,,,,,,,,,,,,,,,,,,,,,,285.1
1854,14.414,14.999,,285.3,,,,,,,,,,,,,,,,,,,,,,,,,,,,,,,,,,,,,,,,,,,,,,,,,,,,,,,,,,,,,,,,,,,,,,,,,,,,,,,,,,,,,,,,,,,,,,,,,,,,,,,,,,,,,,,285.3
1855,14.436,15.021,,285.4,,,,,,,,,,,,,,,,,,,,,,,,,,,,,,,,,,,,,,,,,,,,,,,,,,,,,,,,,,,,,,,,,,,,,,,,,,,,,,,,,,,,,,,,,,,,,,,,,,,,,,,,,,,,,,,285.4
1856,14.258,14.843,,285.6,,,,,,,,,,,,,,,,,,,,,,,,,,,,,,,,,,,,,,,,,,,,,,,,,,,,,,,,,,,,,,,,,,,,,,,,,,,,,,,,,,,,,,,,,,,,,,,,,,,,,,,,,,,,,,,285.6
1857,14.148,14.733,,285.7,,,,,,,,,,,,,,,,,,,,,,,,,,,,,,,,,,,,,,,,,,,,,,,,,,,,,,,,,,,,,,,,,,,,,,,,,,,,,,,,,,,,,,,,,,,,,,,,,,,,,,,,,,,,,,,285.7
1858,14.312,14.897,,285.9,,,,,,,,,,,,,,,,,,,,,,,,,,,,,,,,,,,,,,,,,,,,,,,,,,,,,,,,,,,,,,,,,,,,,,,,,,,,,,,,,,,,,,,,,,,,,,,,,,,,,,,,,,,,,,,285.9
1859,14.34,14.925,,286.1,,,,,,,,,,,,,,,,,,,,,,,,,,,,,,,,,,,,,,,,,,,,,,,,,,,,,,,,,,,,,,,,,,,,,,,,,,,,,,,,,,,,,,,,,,,,,,,,,,,,,,,,,,,,,,,286.1
1860,14.235,14.82,,286.2,,,,,,,,,,,,,,,,,,,,,,,,,,,,,,,,,,,,,,,,,,,,,,,,,,,,,,,,,,,,,,,,,,,,,,,,,,,,,,,,,,,,,,,,,,,,,,,,,,,,,,,,,,,,,,,286.2
1861,14.184,14.769,,286.4,,,,,,,,,,,,,,,,,,,,,,,,,,,,,,,,,,,,,,,,,,,,,,,,,,,,,,,,,,,,,,,,,,,,,,,,,,,,,,,,,,,,,,,,,,,,,,,,,,,,,,,,,,,,,,,286.4
1862,14.109,14.694,,286.5,,,,,,,,,,,,,,,,,,,,,,,,,,,,,,,,,,,,,,,,,,,,,,,,,,,,,,,,,,,,,,,,,,,,,,,,,,,,,,,,,,,,,,,,,,,,,,,,,,,,,,,,,,,,,,,286.5
1863,14.346,14.931,,286.6,,,,,,,,,,,,,,,,,,,,,,,,,,,,,,,,,,,,,,,,,,,,,,,,,,,,,,,,,,,,,,,,,,,,,,,,,,,,,,,,,,,,,,,,,,,,,,,,,,,,,,,,,,,,,,,286.6
1864,14.308,14.893,,286.8,,,,,,,,,,,,,,,,,,,,,,,,,,,,,,,,,,,,,,,,,,,,,,,,,,,,,,,,,,,,,,,,,,,,,,,,,,,,,,,,,,,,,,,,,,,,,,,,,,,,,,,,,,,,,,,286.8
1865,14.396,14.981,,286.9,,,,,,,,,,,,,,,,,,,,,,,,,,,,,,,,,,,,,,,,,,,,,,,,,,,,,,,,,,,,,,,,,,,,,,,,,,,,,,,,,,,,,,,,,,,,,,,,,,,,,,,,,,,,,,,286.9
1866,14.449,15.034,,287,,,,,,,,,,,,,,,,,,,,,,,,,,,,,,,,,,,,,,,,,,,,,,,,,,,,,,,,,,,,,,,,,,,,,,,,,,,,,,,,,,,,,,,,,,,,,,,,,,,,,,,,,,,,,,,287
1867,14.45,15.035,,287.1,,,,,,,,,,,,,,,,,,,,,,,,,,,,,,,,,,,,,,,,,,,,,,,,,,,,,,,,,,,,,,,,,,,,,,,,,,,,,,,,,,,,,,,,,,,,,,,,,,,,,,,,,,,,,,,287.1
1868,14.478,15.063,,287.2,,,,,,,,,,,,,,,,,,,,,,,,,,,,,,,,,,,,,,,,,,,,,,,,,,,,,,,,,,,,,,,,,,,,,,,,,,,,,,,,,,,,,,,,,,,,,,,,,,,,,,,,,,,,,,,287.2
1869,14.466,15.051,,287.4,,,,,,,,,,,,,,,,,,,,,,,,,,,,,,,,,,,,,,,,,,,,,,,,,,,,,,,,,,,,,,,,,,,,,,,,,,,,,,,,,,,,,,,,,,,,,,,,,,,,,,,,,,,,,,,287.4
1870,14.373,14.958,,287.5,,,,,,,,,,,,,,,,,,,,,,,,,,,,,,,,,,,,,,,,,,,,,,,,,,,,,,,,,,,,,,,,,,,,,,,,,,,,,,,,,,,,,,,,,,,,,,,,,,,,,,,,,,,,,,,287.5
1871,14.373,14.958,,287.7,,,,,,,,,,,,,,,,,,,,,,,,,,,,,,,,,,,,,,,,,,,,,,,,,,,,,,,,,,,,,,,,,,,,,,,,,,,,,,,,,,,,,,,,,,,,,,,,,,,,,,,,,,,,,,,287.7
1872,14.401,14.986,,287.9,,,,,,,,,,,,,,,,,,,,,,,,,,,,,,,,,,,,,,,,,,,,,,,,,,,,,,,,,,,,,,,,,,,,,,,,,,,,,,,,,,,,,,,,,,,,,,,,,,,,,,,,,,,,,,,287.9
1873,14.419,15.004,,288.1,,,,,,,,,,,,,,,,,,,,,,,,,,,,,,,,,,,,,,,,,,,,,,,,,,,,,,,,,,,,,,,,,,,,,,,,,,,,,,,,,,,,,,,,,,,,,,,,,,,,,,,,,,,,,,,288.1
1874,14.357,14.942,,288.4,,,,,,,,,,,,,,,,,,,,,,,,,,,,,,,,,,,,,,,,,,,,,,,,,,,,,,,,,,,,,,,,,,,,,,,,,,,,,,,,,,,,,,,,,,,,,,,,,,,,,,,,,,,,,,,288.4
1875,14.31,14.895,,288.7,,,,,,,,,,,,,,,,,,,,,,,,,,,,,,,,,,,,,,,,,,,,,,,,,,,,,,,,,,,,,,,,,,,,,,,,,,,,,,,,,,,,,,,,,,,,,,,,,,,,,,,,,,,,,,,288.7
1876,14.278,14.863,,289,,,,,,,,,,,,,,,,,,,,,,,,,,,,,,,,,,,,,,,,,,,,,,,,,,,,,,,,,,,,,,,,,,,,,,,,,,,,,,,,,,,,,,,,,,,,,,,,,,,,,,,,,,,,,,,289
1877,14.688,15.273,,289.4,,,,,,,,,,,,,,,,,,,,,,,,,,,,,,,,,,,,,,,,,,,,,,,,,,,,,,,,,,,,,,,,,,,,,,,,,,,,,,,,,,,,,,,,,,,,,,,,,,,,,,,,,,,,,,,289.4
1878,14.765,15.35,,289.8,,,,,,,,,,,,,,,,,,,,,,,,,,,,,,,,,,,,,,,,,,,,,,,,,,,,,,,,,,,,,,,,,,,,,,,,,,,,,,,,,,,,,,,,,,,,,,,,,,,,,,,,,,,,,,,289.8
1879,14.439,15.024,,290.2,,,,,,,,,,,,,,,,,,,,,,,,,,,,,,,,,,,,,,,,,,,,,,,,,,,,,,,,,,,,,,,,,,,,,,,,,,,,,,,,,,,,,,,,,,,,,,,,,,,,,,,,,,,,,,,290.2
1880,14.385,14.97,,290.7,,,,,,,,,,,,,,,,,,,,,,,,,,,,,,,,,,,,,,,,,,,,,,,,,,,,,,,,,,,,,,,,,,,,,,,,,,,,,,,,,,,,,,,,,,,,,,,,,,,,,,,,,,,,,,,290.7
1881,14.473,15.058,,291.2,,,,,,,,,,,,,,,,,,,,,,,,,,,,,,,,,,,,,,,,,,,,,,,,,,,,,,,,,,,,,,,,,,,,,,,,,,,,,,,,,,,,,,,,,,,,,,,,,,,,,,,,,,,,,,,291.2
1882,14.429,15.014,,291.7,,,,,,,,,,,,,,,,,,,,,,,,,,,,,,,,,,,,,,,,,,,,,,,,,,,,,,,,,,,,,,,,,,,,,,,,,,,,,,,,,,,,,,,,,,,,,,,,,,,,,,,,,,,,,,,291.7
1883,14.352,14.937,,292.1,,,,,,,,,,,,,,,,,,,,,,,,,,,,,,,,,,,,,,,,,,,,,,,,,,,,,,,,,,,,,,,,,,,,,,,,,,,,,,,,,,,,,,,,,,,,,,,,,,,,,,,,,,,,,,,292.1
1884,14.203,14.788,,292.6,,,,,,,,,,,,,,,,,,,,,,,,,,,,,,,,,,,,,,,,,,,,,,,,,,,,,,,,,,,,,,,,,,,,,,,,,,,,,,,,,,,,,,,,,,,,,,,,,,,,,,,,,,,,,,,292.6
1885,14.225,14.81,,293,,,,,,,,,,,,,,,,,,,,,,,,,,,,,,,,,,,,,,,,,,,,,,,,,,,,,,,,,,,,,,,,,,,,,,,,,,,,,,,,,,,,,,,,,,,,,,,,,,,,,,,,,,,,,,,293
1886,14.196,14.781,,293.3,,,,,,,,,,,,,,,,,,,,,,,,,,,,,,,,,,,,,,,,,,,,,,,,,,,,,,,,,,,,,,,,,,,,,,,,,,,,,,,,,,,,,,,,,,,,,,,,,,,,,,,,,,,,,,,293.3
1887,14.169,14.754,,293.6,,,,,,,,,,,,,,,,,,,,,,,,,,,,,,,,,,,,,,,,,,,,,,,,,,,,,,,,,,,,,,,,,,,,,,,,,,,,,,,,,,,,,,,,,,,,,,,,,,,,,,,,,,,,,,,293.6
1888,14.369,14.954,,293.8,,,,,,,,,,,,,,,,,,,,,,,,,,,,,,,,,,,,,,,,,,,,,,,,,,,,,,,,,,,,,,,,,,,,,,,,,,,,,,,,,,,,,,,,,,,,,,,,,,,,,,,,,,,,,,,293.8
1889,14.493,15.078,,294,,,,,,,,,,,,,,,,,,,,,,,,,,,,,,,,,,,,,,,,,,,,,,,,,,,,,,,,,,,,,,,,,,,,,,,,,,,,,,,,,,,,,,,,,,,,,,,,,,,,,,,,,,,,,,,294
1890,14.208,14.793,,294.2,,,,,,,,,,,,,,,,,,,,,,,,,,,,,,,,,,,,,,,,,,,,,,,,,,,,,,,,,,,,,,,,,,,,,,,,,,,,,,,,,,,,,,,,,,,,,,,,,,,,,,,,,,,,,,,294.2
1891,14.323,14.908,,294.3,,,,,,,,,,,,,,,,,,,,,,,,,,,,,,,,,,,,,,,,,,,,,,,,,,,,,,,,,,,,,,,,,,,,,,,,,,,,,,,,,,,,,,,,,,,,,,,,,,,,,,,,,,,,,,,294.3
1892,14.279,14.864,,294.5,,,,,,,,,,,,,,,,,,,,,,,,,,,,,,,,,,,,,,,,,,,,,,,,,,,,,,,,,,,,,,,,,,,,,,,,,,,,,,,,,,,,,,,,,,,,,,,,,,,,,,,,,,,,,,,294.5
1893,14.303,14.888,,294.6,,,,,,,,,,,,,,,,,,,,,,,,,,,,,,,,,,,,,,,,,,,,,,,,,,,,,,,,,,,,,,,,,,,,,,,,,,,,,,,,,,,,,,,,,,,,,,,,,,,,,,,,,,,,,,,294.6
1894,14.308,14.893,,294.7,,,,,,,,,,,,,,,,,,,,,,,,,,,,,,,,,,,,,,,,,,,,,,,,,,,,,,,,,,,,,,,,,,,,,,,,,,,,,,,,,,,,,,,,,,,,,,,,,,,,,,,,,,,,,,,294.7
1895,14.363,14.948,,294.8,,,,,,,,,,,,,,,,,,,,,,,,,,,,,,,,,,,,,,,,,,,,,,,,,,,,,,,,,,,,,,,,,,,,,,,,,,,,,,,,,,,,,,,,,,,,,,,,,,,,,,,,,,,,,,,294.8
1896,14.471,15.056,,294.9,,,,,,,,,,,,,,,,,,,,,,,,,,,,,,,,,,,,,,,,,,,,,,,,,,,,,,,,,,,,,,,,,,,,,,,,,,,,,,,,,,,,,,,,,,,,,,,,,,,,,,,,,,,,,,,294.9
1897,14.47,15.055,,295,,,,,,,,,,,,,,,,,,,,,,,,,,,,,,,,,,,,,,,,,,,,,,,,,,,,,,,,,,,,,,,,,,,,,,,,,,,,,,,,,,,,,,,,,,,,,,,,,,,,,,,,,,,,,,,295
1898,14.278,14.863,,295.2,,,,,,,,,,,,,,,,,,,,,,,,,,,,,,,,,,,,,,,,,,,,,,,,,,,,,,,,,,,,,,,,,,,,,,,,,,,,,,,,,,,,,,,,,,,,,,,,,,,,,,,,,,,,,,,295.2
1899,14.447,15.032,,295.5,,,,,,,,,,,,,,,,,,,,,,,,,,,,,,,,,,,,,,,,,,,,,,,,,,,,,,,,,,,,,,,,,,,,,,,,,,,,,,,,,,,,,,,,,,,,,,,,,,,,,,,,,,,,,,,295.5
1900,14.549,15.134,,295.8,,,,,,,,,,,,,,,,,,,,,,,,,,,,,,,,,,,,,,,,,,,,,,,,,,,,,,,,,,,,,,,,,,,,,,,,,,,,,,,,,,,,,,,,,,,,,,,,,,,,,,,,,,,,,,,295.8
1901,14.48,15.065,,296.1,,,,,,,,,,,,,,,,,,,,,,,,,,,,,,,,,,,,,,,,,,,,,,,,,,,,,,,,,,,,,,,,,,,,,,,,,,,,,,,,,,,,,,,,,,,,,,,,,,,,,,,,,,,,,,,296.1
1902,14.341,14.926,,296.5,,,,,,,,,,,,,,,,,,,,,,,,,,,,,,,,,,,,,,,,,,,,,,,,,,,,,,,,,,,,,,,,,,,,,,,,,,,,,,,,,,,,,,,,,,,,,,,,,,,,,,,,,,,,,,,296.5
1903,14.227,14.812,,296.8,,,,,,,,,,,,,,,,,,,,,,,,,,,,,,,,,,,,,,,,,,,,,,,,,,,,,,,,,,,,,,,,,,,,,,,,,,,,,,,,,,,,,,,,,,,,,,,,,,,,,,,,,,,,,,,296.8
1904,14.195,14.78,,297.2,,,,,,,,,,,,,,,,,,,,,,,,,,,,,,,,,,,,,,,,,,,,,,,,,,,,,,,,,,,,,,,,,,,,,,,,,,,,,,,,,,,,,,,,,,,,,,,,,,,,,,,,,,,,,,,297.2
1905,14.341,14.926,,297.6,,,,,,,,,,,,,,,,,,,,,,,,,,,,,,,,,,,,,,,,,,,,,,,,,,,,,,,,,,,,,,,,,,,,,,,,,,,,,,,,,,,,,,,,,,,,,,,,,,,,,,,,,,,,,,,297.6
1906,14.426,15.011,,298.1,,,,,,,,,,,,,,,,,,,,,,,,,,,,,,,,,,,,,,,,,,,,,,,,,,,,,,,,,,,,,,,,,,,,,,,,,,,,,,,,,,,,,,,,,,,,,,,,,,,,,,,,,,,,,,,298.1
1907,14.25,14.835,,298.5,,,,,,,,,,,,,,,,,,,,,,,,,,,,,,,,,,,,,,,,,,,,,,,,,,,,,,,,,,,,,,,,,,,,,,,,,,,,,,,,,,,,,,,,,,,,,,,,,,,,,,,,,,,,,,,298.5
1908,14.235,14.82,,298.9,,,,,,,,,,,,,,,,,,,,,,,,,,,,,,,,,,,,,,,,,,,,,,,,,,,,,,,,,,,,,,,,,,,,,,,,,,,,,,,,,,,,,,,,,,,,,,,,,,,,,,,,,,,,,,,298.9
1909,14.171,14.756,,299.3,,,,,,,,,,,,,,,,,,,,,,,,,,,,,,,,,,,,,,,,,,,,,,,,,,,,,,,,,,,,,,,,,,,,,,,,,,,,,,,,,,,,,,,,,,,,,,,,,,,,,,,,,,,,,,,299.3
1910,14.2,14.785,,299.7,,,,,,,,,,,,,,,,,,,,,,,,,,,,,,,,,,,,,,,,,,,,,,,,,,,,,,,,,,,,,,,,,,,,,,,,,,,,,,,,,,,,,,,,,,,,,,,,,,,,,,,,,,,,,,,299.7
1911,14.176,14.761,,300.1,,,,,,,,,,,,,,,,,,,,,,,,,,,,,,,,,,,,,,,,,,,,,,,,,,,,,,,,,,,,,,,,,,,,,,,,,,,,,,,,,,,,,,,,,,,,,,,,,,,,,,,,,,,,,,,300.1
1912,14.256,14.841,,300.4,,,,,,,,,,,,,,,,,,,,,,,,,,,,,,,,,,,,,,,,,,,,,,,,,,,,,,,,,,,,,,,,,,,,,,,,,,,,,,,,,,,,,,,,,,,,,,,,,,,,,,,,,,,,,,,300.4
1913,14.295,14.88,,300.8,,,,,,,,,,,,,,,,,,,,,,,,,,,,,,,,,,,,,,,,,,,,,,,,,,,,,,,,,,,,,,,,,,,,,,,,,,,,,,,,,,,,,,,,,,,,,,,,,,,,,,,,,,,,,,,300.8
1914,14.468,15.053,,301.1,,,,,,,,,,,,,,,,,,,,,,,,,,,,,,,,,,,,,,,,,,,,,,,,,,,,,,,,,,,,,,,,,,,,,,,,,,,,,,,,,,,,,,,,,,,,,,,,,,,,,,,,,,,,,,,301.1
1915,14.539,15.124,,301.4,,,,,,,,,,,,,,,,,,,,,,,,,,,,,,,,,,,,,,,,,,,,,,,,,,,,,,,,,,,,,,,,,,,,,,,,,,,,,,,,,,,,,,,,,,,,,,,,,,,,,,,,,,,,,,,301.4
1916,14.292,14.877,,301.7,,,,,,,,,,,,,,,,,,,,,,,,,,,,,,,,,,,,,,,,,,,,,,,,,,,,,,,,,,,,,,,,,,,,,,,,,,,,,,,,,,,,,,,,,,,,,,,,,,,,,,,,,,,,,,,301.7
1917,14.19,14.775,,302.1,,,,,,,,,,,,,,,,,,,,,,,,,,,,,,,,,,,,,,,,,,,,,,,,,,,,,,,,,,,,,,,,,,,,,,,,,,,,,,,,,,,,,,,,,,,,,,,,,,,,,,,,,,,,,,,302.1
1918,14.338,14.923,,302.4,,,,,,,,,,,,,,,,,,,,,,,,,,,,,,,,,,,,,,,,,,,,,,,,,,,,,,,,,,,,,,,,,,,,,,,,,,,,,,,,,,,,,,,,,,,,,,,,,,,,,,,,,,,,,,,302.4
1919,14.414,14.999,,302.7,,,,,,,,,,,,,,,,,,,,,,,,,,,,,,,,,,,,,,,,,,,,,,,,,,,,,,,,,,,,,,,,,,,,,,,,,,,,,,,,,,,,,,,,,,,,,,,,,,,,,,,,,,,,,,,302.7
1920,14.432,15.017,,303,,,,,,,,,,,,,,,,,,,,,,,,,,,,,,,,,,,,,,,,,,,,,,,,,,,,,,,,,,,,,,,,,,,,,,,,,,,,,,,,,,,,,,,,,,,,,,,,,,,,,,,,,,,,,,,303
1921,14.509,15.094,,303.4,,,,,,,,,,,,,,,,,,,,,,,,,,,,,,,,,,,,,,,,,,,,,,,,,,,,,,,,,,,,,,,,,,,,,,,,,,,,,,,,,,,,,,,,,,,,,,,,,,,,,,,,,,,,,,,303.4
1922,14.416,15.001,,303.8,,,,,,,,,,,,,,,,,,,,,,,,,,,,,,,,,,,,,,,,,,,,,,,,,,,,,,,,,,,,,,,,,,,,,,,,,,,,,,,,,,,,,,,,,,,,,,,,,,,,,,,,,,,,,,,303.8
1923,14.433,15.018,,304.1,,,,,,,,,,,,,,,,,,,,,,,,,,,,,,,,,,,,,,,,,,,,,,,,,,,,,,,,,,,,,,,,,,,,,,,,,,,,,,,,,,,,,,,,,,,,,,,,,,,,,,,,,,,,,,,304.1
1924,14.442,15.027,,304.5,,,,,,,,,,,,,,,,,,,,,,,,,,,,,,,,,,,,,,,,,,,,,,,,,,,,,,,,,,,,,,,,,,,,,,,,,,,,,,,,,,,,,,,,,,,,,,,,,,,,,,,,,,,,,,,304.5
1925,14.488,15.073,,305,,,,,,,,,,,,,,,,,,,,,,,,,,,,,,,,,,,,,,,,,,,,,,,,,,,,,,,,,,,,,,,,,,,,,,,,,,,,,,,,,,,,,,,,,,,,,,,,,,,,,,,,,,,,,,,305
1926,14.642,15.227,,305.4,,,,,,,,,,,,,,,,,,,,,,,,,,,,,,,,,,,,,,,,,,,,,,,,,,,,,,,,,,,,,,,,,,,,,,,,,,,,,,,,,,,,,,,,,,,,,,,,,,,,,,,,,,,,,,,305.4
1927,14.529,15.114,,305.8,,,,,,,,,,,,,,,,,,,,,,,,,,,,,,,,,,,,,,,,,,,,,,,,,,,,,,,,,,,,,,,,,,,,,,,,,,,,,,,,,,,,,,,,,,,,,,,,,,,,,,,,,,,,,,,305.8
1928,14.55,15.135,,306.3,,,,,,,,,,,,,,,,,,,,,,,,,,,,,,,,,,,,,,,,,,,,,,,,,,,,,,,,,,,,,,,,,,,,,,,,,,,,,,,,,,,,,,,,,,,,,,,,,,,,,,,,,,,,,,,306.3
1929,14.359,14.944,,306.8,,,,,,,,,,,,,,,,,,,,,,,,,,,,,,,,,,,,,,,,,,,,,,,,,,,,,,,,,,,,,,,,,,,,,,,,,,,,,,,,,,,,,,,,,,,,,,,,,,,,,,,,,,,,,,,306.8
1930,14.583,15.168,,307.2,,,,,,,,,,,,,,,,,,,,,,,,,,,,,,,,,,,,,,,,,,,,,,,,,,,,,,,,,,,,,,,,,,,,,,,,,,,,,,,,,,,,,,,,,,,,,,,,,,,,,,,,,,,,,,,307.2
1931,14.636,15.221,,307.7,,,,,,,,,,,,,,,,,,,,,,,,,,,,,,,,,,,,,,,,,,,,,,,,,,,,,,,,,,,,,,,,,,,,,,,,,,,,,,,,,,,,,,,,,,,,,,,,,,,,,,,,,,,,,,,307.7
1932,14.607,15.192,,308.2,,,,,,,,,,,,,,,,,,,,,,,,,,,,,,,,,,,,,,,,,,,,,,,,,,,,,,,,,,,,,,,,,,,,,,,,,,,,,,,,,,,,,,,,,,,,,,,,,,,,,,,,,,,,,,,308.2
1933,14.418,15.003,,308.6,,,,,,,,,,,,,,,,,,,,,,,,,,,,,,,,,,,,,,,,,,,,,,,,,,,,,,,,,,,,,,,,,,,,,,,,,,,,,,,,,,,,,,,,,,,,,,,,,,,,,,,,,,,,,,,308.6
1934,14.561,15.146,,309,,,,,,,,,,,,,,,,,,,,,,,,,,,,,,,,,,,,,,,,,,,,,,,,,,,,,,,,,,,,,,,,,,,,,,,,,,,,,,,,,,,,,,,,,,,,,,,,,,,,,,,,,,,,,,,309
1935,14.518,15.103,,309.4,,,,,,,,,,,,,,,,,,,,,,,,,,,,,,,,,,,,,,,,,,,,,,,,,,,,,,,,,,,,,,,,,,,,,,,,,,,,,,,,,,,,,,,,,,,,,,,,,,,,,,,,,,,,,,,309.4
1936,14.569,15.154,,309.8,,,,,,,,,,,,,,,,,,,,,,,,,,,,,,,,,,,,,,,,,,,,,,,,,,,,,,,,,,,,,,,,,,,,,,,,,,,,,,,,,,,,,,,,,,,,,,,,,,,,,,,,,,,,,,,309.8
1937,14.736,15.321,,310,,,,,,,,,,,,,,,,,,,,,,,,,,,,,,,,,,,,,,,,,,,,,,,,,,,,,,,,,,,,,,,,,,,,,,,,,,,,,,,,,,,,,,,,,,,,,,,,,,,,,,,,,,,,,,,310
1938,14.74,15.325,,310.2,,,,,,,,,,,,,,,,,,,,,,,,,,,,,,,,,,,,,,,,,,,,,,,,,,,,,,,,,,,,,,,,,,,,,,,,,,,,,,,,,,,,,,,,,,,,,,,,,,,,,,,,,,,,,,,310.2
1939,14.713,15.298,,310.3,,,,,,,,,,,,,,,,,,,,,,,,,,,,,,,,,,,,,,,,,,,,,,,,,,,,,,,,,,,,,,,,,,,,,,,,,,,,,,,,,,,,,,,,,,,,,,,,,,,,,,,,,,,,,,,310.3
1940,14.809,15.394,,310.4,,,,,,,,,,,,,,,,,,,,,,,,,,,,,,,,,,,,,,,,,,,,,,,,,,,,,,,,,,,,,,,,,,,,,,,,,,,,,,,,,,,,,,,,,,,,,,,,,,,,,,,,,,,,,,,310.4
1941,14.782,15.367,,310.4,,,,,,,,,,,,,,,,,,,,,,,,,,,,,,,,,,,,,,,,,,,,,,,,,,,,,,,,,,,,,,,,,,,,,,,,,,,,,,,,,,,,,,,,,,,,,,,,,,,,,,,,,,,,,,,310.4
1942,14.741,15.326,,310.3,,,,,,,,,,,,,,,,,,,,,,,,,,,,,,,,,,,,,,,,,,,,,,,,,,,,,,,,,,,,,,,,,,,,,,,,,,,,,,,,,,,,,,,,,,,,,,,,,,,,,,,,,,,,,,,310.3
1943,14.781,15.366,,310.2,,,,,,,,,,,,,,,,,,,,,,,,,,,,,,,,,,,,,,,,,,,,,,,,,,,,,,,,,,,,,,,,,,,,,,,,,,,,,,,,,,,,,,,,,,,,,,,,,,,,,,,,,,,,,,,310.2
1944,14.865,15.45,,310.1,,,,,,,,,,,,,,,,,,,,,,,,,,,,,,,,,,,,,,,,,,,,,,,,,,,,,,,,,,,,,,,,,,,,,,,,,,,,,,,,,,,,,,,,,,,,,,,,,,,,,,,,,,,,,,,310.1
1945,14.731,15.316,,310.1,,,,,,,,,,,,,,,,,,,,,,,,,,,,,,,,,,,,,,,,,,,,,,,,,,,,,,,,,,,,,,,,,,,,,,,,,,,,,,,,,,,,,,,,,,,,,,,,,,,,,,,,,,,,,,,310.1
1946,14.657,15.242,,310.1,,,,,,,,,,,,,,,,,,,,,,,,,,,,,,,,,,,,,,,,,,,,,,,,,,,,,,,,,,,,,,,,,,,,,,,,,,,,,,,,,,,,,,,,,,,,,,,,,,,,,,,,,,,,,,,310.1
1947,14.757,15.342,,310.2,,,,,,,,,,,,,,,,,,,,,,,,,,,,,,,,,,,,,,,,,,,,,,,,,,,,,,,,,,,,,,,,,,,,,,,,,,,,,,,,,,,,,,,,,,,,,,,,,,,,,,,,,,,,,,,310.2
1948,14.646,15.231,,310.3,,,,,,,,,,,,,,,,,,,,,,,,,,,,,,,,,,,,,,,,,,,,,,,,,,,,,,,,,,,,,,,,,,,,,,,,,,,,,,,,,,,,,,,,,,,,,,,,,,,,,,,,,,,,,,,310.3
1949,14.617,15.202,,310.5,,,,,,,,,,,,,,,,,,,,,,,,,,,,,,,,,,,,,,,,,,,,,,,,,,,,,,,,,,,,,,,,,,,,,,,,,,,,,,,,,,,,,,,,,,,,,,,,,,,,,,,,,,,,,,,310.5
1950,14.543,15.128,,310.7,,,,,,,,,,,,,,,,,,,,,,,,,,,,,,,,,,,,,,,,,,,,,,,,,,,,,,,,,,,,,,,,,,,,,,,,,,,,,,,,,,,,,,,,,,,,,,,,,,,,,,,,,,,,,,,310.7
1951,14.721,15.306,,311.1,,,,,,,,,,,,,,,,,,,,,,,,,,,,,,,,,,,,,,,,,,,,,,,,,,,,,,,,,,,,,,,,,,,,,,,,,,,,,,,,,,,,,,,,,,,,,,,,,,,,,,,,,,,,,,,311.1
1952,14.785,15.37,,311.5,,,,,,,,,,,,,,,,,,,,,,,,,,,,,,,,,,,,,,,,,,,,,,,,,,,,,,,,,,,,,,,,,,,,,,,,,,,,,,,,,,,,,,,,,,,,,,,,,,,,,,,,,,,,,,,311.5
1953,14.851,15.436,,311.9,,,,,,,,,,,,,,,,,,,,,,,,,,,,,,,,,,,,,,,,,,,,,,,,,,,,,,,,,,,,,,,,,,,,,,,,,,,,,,,,,,,,,,,,,,,,,,,,,,,,,,,,,,,,,,,311.9
1954,14.655,15.24,,312.4,,,,,,,,,,,,,,,,,,,,,,,,,,,,,,,,,,,,,,,,,,,,,,,,,,,,,,,,,,,,,,,,,,,,,,,,,,,,,,,,,,,,,,,,,,,,,,,,,,,,,,,,,,,,,,,312.4
1955,14.604,15.189,,313,,,,,,,,,,,,,,,,,,,,,,,,,,,,,,,,,,,,,,,,,,,,,,,,,,,,,,,,,,,,,,,,,,,,,,,,,,,,,,,,,,,,,,,,,,,,,,,,,,,,,,,,,,,,,,,313
1956,14.533,15.118,,313.6,,,,,,,,,,,,,,,,,,,,,,,,,,,,,,,,,,,,,,,,,,,,,,,,,,,,,,,,,,,,,,,,,,,,,,,,,,,,,,,,,,,,,,,,,,,,,,,,,,,,,,,,,,,,,,,313.6
1957,14.781,15.366,,314.2,,,,,,,,,,,,,,,,,,,,,,,,,,,,,,,,,,,,,,,,,,,,,,,,,,,,,,,,,,,,,,,,,,,,,,,,,,,,,,,,,,,,,,,,,,,,,,,,,,,,,,,,,,,,,,,314.2
1958,14.781,15.366,,314.9,,,,,,,,,,,,,,,,,,,,,,,,,,,,,,,,,,,,,,,,,,,,,,,,,,,,,,,,,,,,,,,,,,,,,,,,,,,,,,,,,,,,,,,,,,,,,,,,,,,,,,,,,,,,,,,314.9
1959,14.753,15.338,,315.6,,,,,,,,,,,315.97,,,,,,,,,,,,,,,,,,,,,,,,,,,,,,,,,,,,,,,,,,,,,,,,,,,,,,,,,,,,,,,,,,,,,,,,,,,,,,,,,,,,,,,,,,,,,,,,,,,,315.6
1960,14.707,15.292,,316.3,,,,,,,,,,,316.91,33.55829013,1014618173,,3035013413,,,,,,,,,182.7,,,,,,,,,,,13.92027517,,,,,,,,,,,,,,,,,,8.868819224,832409,,,3.092504568,33.06553667,3103462.774,9385792.843,0.838139929,54.82926742,5146161.457,2.961490368,,,,,,3040000000,,,,,,,,,,,,,,,,,,,,,,,,,,,,,,,,,,,,,,,,,316.3
1961,14.791,15.376,,317,,,,,,,,,,,317.64,34.07344747,1044006917,2.896532388,3075981742,1.349856604,,,,,,,,180.4,,,,,,,,,,,14.18222291,,,,,,,,,,,,,,,,,,9.343207547,880080,,,3.062262402,35.02745151,3299397.918,9419463.237,0.806360891,52.25515833,4922155.428,2.945146341,,,,,,3428000000,,,,,,,,,1421.619389,,,,,,,,,,9.693085947,36.02818958,38856763.1,,,,,,,,,,,,,,,,,,,,317
1962,14.742,15.327,,317.7,,,,,,,,,,,318.45,34.51777128,1075728532,3.038448739,3128881756,1.719776593,,,,,,,,177.1,,,,,,,,,,,14.37379006,,,,,,,,,,,,,,,,,,9.832345426,964421,,,3.134876093,36.4882825,3579010.335,9808656.615,0.795492971,50.25259408,4929104.393,2.921604304,,,,,,3797000000,,,,,,,,,1510.863259,,,,,,,,,,9.726105287,36.11897698,38954671,,,,,,,,,,,,,,,,,,,,317.7
1963,14.781,15.366,,318.4,,,,,,,,,,,318.99,34.90800447,1110385616,3.22173141,3193764771,2.073680633,,,,,,,,174.1,,,,,,,,,,,14.51566224,,,,,,,,,,,,,,,,,,10.1358164,1048762,,,3.239778224,37.15294132,3844248.112,10347089.56,0.797655296,49.21498811,5092318.896,2.901089412,,,,,,4362000000,,,,,,,,,1576.094176,,,,,,,,,,9.836993547,36.23517108,39079991.1,,,,,,,,,,,,,,,,,,,,318.4
1964,14.514,15.099,,319.2,,,,,,,,,,,319.62,35.30364369,1145919016,3.200095488,3259202796,2.048930641,,,,,,,,175.2,,,,,,,,,,,14.67210926,,,,,,,,,,,,,,,,,,10.59233618,1158772,,,3.356563383,38.03178304,4160570.866,10939720.76,0.790717204,47.80086676,5229281.346,2.905689526,,,,,,4653000000,,,,,,,,,1576.946429,,,,,,,,,,9.884055176,36.3286673,39180827.7,,,,,,,,,,,,,,,,,,,,319.2
1965,14.614,15.199,,320,,,,,,,,,,,320.04,35.5273631,1176745186,2.690082769,3325954953,2.048113026,,,,,,,,172.8,,,,,,,,,,,14.8364808,,,,,,,,,,,,,,,,,,10.81478667,1235779,,,3.435630828,39.02430728,4459211.346,11426753.37,0.782346717,46.57472921,5321979.439,2.900432457,,,,,,4998000000,,,,,,,,,1625.015027,,,,,,,,,,9.945087692,36.44341752,39304583.3,,,,,,,,,,,,,,,,,,,,320
1966,14.684,15.269,,320.8,,,,,,,,,,,321.38,35.72633068,1208151260,2.668893349,3395833251,2.100999532,,,,,,,,171.2,,,,,,,,,,,14.96330307,,,,,,,,,,,,,,,,,,11.12915012,1334788,,,3.531863712,40.29437214,4832753.968,11993620.23,0.776254154,44.88811229,5383709.717,2.878725822,,,,,,6127000000,,,,,,,,,1665.764213,,,,,,,,,,9.954423258,36.51223214,39378796.9,,,,,,,,,,,,,,,,,,,,320.8
1967,14.725,15.31,,321.8,,,,,,,,,,,322.16,35.9362392,1240079759,2.642756752,3465342406,2.046895412,,,,,,,,168.9,,,,,,,,,,,15.08881661,,,,,,,,,,,,,,,,,,11.61225496,1437464,,,3.572187622,42.0527149,5205643.864,12378853.25,0.767370886,42.55897367,5268312.894,2.842775193,,,,,,6387000000,,,,,,,,,1748.665307,,,,,,,,,,10.00398812,36.63082678,39506698.7,,,,,,,,,,,,,,,,,,,,321.8
1968,14.666,15.251,,322.8,,,,,,,,,,,323.04,36.13503264,1272197789,2.589997116,3535646371,2.028773979,,,,,,,,163.7,,,,,,,,,,,15.22466895,,,,,,,,,,,,,,,,,,11.94932696,1554808,,,3.680141359,43.59999403,5673091.022,13011678.44,0.759662311,40.48837801,5268217.552,2.82202655,,,,,,7203000000,,,,,,,,,1765.707745,,,,,,,,,,10.10445283,36.71752185,39600196.5,,,,,,,,,,,,,,,,,,,,322.8
1969,14.803,15.388,,323.8,,,,,,,,,,,324.62,36.34067861,1306369783,2.686059848,3610147228,2.10713542,,,,,,,,149.8,,,,,,,,,,,15.35390555,,,,,,,,,,,,,,,,,,12.41650433,1712489,,,3.820353346,44.37424673,6120112.99,13792038.04,0.758804851,39.18489238,5404395.264,2.813173336,,,,,,7830000000,,,,,,,,,1789.443685,,,,,,,,,,10.25895012,36.93263428,39832197.3,,,,,,,,,,,,,,,,,,,,323.8
1970,14.74,15.325,,324.8,,,,,,,,,,,325.68,36.53080963,1340595810,2.619934068,3685502058,2.087306285,,,,,,,,144.9,74.10583,0.78976,,,,,,,,,15.48310743,,,,,,,,,,2225930.2,,5305820,,,27660218.47,,4515551.837,12.22355367,1807831,,,4.012949434,45.49371132,6728398.617,14789733.4,0.7796906,38.2184902,5652412.809,2.855011147,,,,,,10627000000,,,,,,,,0.494948742,1816.388632,,,,,,,,,,10.24092787,36.97900207,39882201.7,,,,,,,,,,,,,,,,,,,,324.8
1971,14.622,15.207,,325.8,,,,,,,,,,,326.32,36.71564239,1375684665,2.617407479,3762949769,2.101415486,,,,,,,,141.4,74.09772,0.78834,,,,,,,,,15.57329686,,,,,,,,,,2089238.8,,5145430,,,26263241.3,,3265931.137,12.66105519,1943510,,,4.079326405,46.44545653,7129517.079,15350300.36,0.776192156,36.80786132,5650117.267,2.659928054,1336.227842,1199.369237,,,0.251909244,13198000000,,18.0443977,2.003879055,10.37836309,20.2117181,33.25740269,,0.475994441,1965.604351,,,,,,,,,,10.21568251,37.07948669,39990571.6,,,,,,,,,,,,,,,,,,,,325.8
1972,14.71,15.295,,326.9,,,,,,,,,,,327.45,36.92499083,1411753241,2.621863638,3839725259,2.040300687,,,,,,,,138.3,74.20852,0.78751,,,,,,,,,15.66641283,,,,,,,,,,2245410.6,,5360610,,,28148780.85,,3999008.837,12.87258076,2053520,,,4.154637733,47.23177449,7534727.913,15952667.44,0.763238834,35.71476844,5697458.237,2.662730224,1370.925374,1272.820799,,,0.247095402,14055000000,,19.82821495,2.518861172,10.09330658,19.72840986,31.7315503,,0.428594537,1953.469586,,,,,,,,,,10.2028544,37.16573218,40083551,,,,,,,,,,,,,,,,,,,,326.9
1973,14.821,15.406,,328,,,,,,,,,,,329.68,37.15560996,1448690136,2.616384643,3915721200,1.97920257,,,,,,,,135.1,74.67437,0.7889,,,,,,,,,15.77263776,,,,,,,,,,2291020.9,,5421500,,,29107899.05,,3879847.8,12.80818609,2156196,,,4.299211838,48.74484133,8205957.595,16834514.94,0.756505842,34.0276256,5728385.715,2.665394252,1417.067827,1346.551056,,,0.263579248,16155000000,,21.18126422,3.119486091,9.376976531,18.59471237,31.61192144,,0.499527744,1985.437903,,,,,,,,,,10.27332397,37.33921266,40270625,,,,,,,,,,,,,,,,,,,,328
1974,14.606,15.191,,329.2,,,,,,,,,,,330.18,37.42970618,1487940006,2.709335076,3992344579,1.956813958,,,,,,,,132,74.88725,0.79007,,,,,,,,,15.8853888,,,,,,,,,,2240345.2,,5379140,,,28434027.14,,3356228.165,12.91387749,2189195.333,,,4.246194011,48.56073837,8232147.309,16952269.64,0.747033407,34.15585713,5790193,2.632666477,1389.309419,1345.91131,,,0.246671335,15382000000,,19.85199098,3.956347135,9.442916093,20.28532558,30.33345401,,0.508831329,1966.867765,,,,,,,,,,10.26875809,37.40985363,40346636,,,,,,,,,,,,,,,,,,,,329.2
1975,14.662,15.247,,330.3,,,,,,,,,,,331.11,37.65752455,1525063134,2.494934463,4067198703,1.874941467,,,,,,,,129.4,75.46724,0.81392,,,,,,,,,15.96262181,,,,,,,,,,2329578.7,,5503270,,,28860202.77,,3641620.116,13.14206091,2214864.333,,,4.143699601,46.38728717,7817765.308,16853249.64,0.735966498,36.40182832,6134891,2.603743633,1364.296267,1354.775655,,,0.269361373,17335000000,,18.7481576,5.339259858,9.148683853,20.046049,30.56450575,,0.493172345,2080.389653,,,,,,,,,,10.26852496,37.48945211,40432292,,,,,,,,,,,,,,,,,,,,330.3
1976,14.555,15.14,,331.5,,,,,,,,,,,332.04,37.90220493,1562452334,2.451649323,4140060241,1.791442792,,,,,,,,126.6,75.97008,0.82708,,,,,,,,,16.07863254,,,,,,,,,,2412556.4,,5649430,,,30301513.69,,3875437.082,12.952513,2310210,,,4.308149464,47.57316165,8485148.307,17835998.31,0.739911467,35.15682101,6270570,2.5997584,1419.022652,1425.700469,,,0.277419782,19119000000,,19.5438384,5.75470112,8.659490395,18.46326665,31.41551584,,0.357365756,2088.677708,,,,,,,,,,10.29106059,37.46732752,40408352,,,,,,,,,,,,,,,,,,,,331.5
1977,14.856,15.441,,332.6,,,,,,,,,,,333.83,38.15441392,1600402482,2.428883568,4212637433,1.753046762,,,,,,,,123.9,76.78333,0.83133,,,,,,,,,16.2011742,,,,,,,,,,2524965.5,,5796380,,,31553904.67,,4302190.219,12.95874454,2383550,,,4.366236496,47.8061643,8793165.306,18393371.31,0.733678738,35.00854679,6439252,2.588451485,1443.023505,1471.488937,,,0.282076877,20379000000,,19.13408331,6.78155499,8.571474579,18.06721843,31.27984661,,0.394447712,2135.934687,,,,,,,,,,10.25492027,37.44925669,40388814,,,,,,,,,,,,,,,,,,,,332.6
1978,14.726,15.311,,333.7,,,,,,,,,,,335.4,38.48294122,1642431187,2.626133455,4286386820,1.750670172,,,,,,,,121.4,77.32146,0.83543,,,,,,,,,16.33482779,,,,,,,,,,2552326.1,,5795950,,,32120464.11,,4339631.53,13.4018985,2493560,,,4.340723648,47.14133563,8771126.636,18606020.64,0.712995648,35.08144018,6527260,2.58688825,1474.233477,1523.467407,,,0.274371069,20905000000,,18.94752396,7.559700581,8.368652277,18.39244261,30.57348122,,0.419700525,2296.366957,,,,,,,,,,10.30541527,37.49755829,40440907,,,,,,,,,,,,,,,,,,,,333.7
1979,14.817,15.402,,,1.027,0.406,0.104,0.092,0.039,0.031,1.699,382,0.785,,336.84,38.88000281,1688626911,2.81264289,4361980895,1.763585,,,,,,,,119,77.75767,0.8382,,,,,,,,,16.46698629,,,,,,,,,,2710503.6,,5972760,,,33615147.86,,4946049.284,13.45923913,2643907,,,4.503414338,47.48843317,9328536.305,19643807.31,0.723006544,35.00148873,6875625,2.595472378,1490.973052,1568.194226,,,0.302590635,24098000000,,17.53973436,7.455560523,8.793561615,18.59937919,31.42315474,,0.455654726,2331.567128,,,,,,,,,,10.33367473,37.60514371,40556926,,,,,,,,,,,,,,,,,,,,
1980,14.934,15.519,338.8,,1.058,0.413,0.104,0.097,0.042,0.034,1.747,385,0.807,2.2,338.75,39.28319021,1735967600,2.803501987,4438280309,1.749191843,,,,,,,,116.4,78.78754,0.83882,,,,,,,,,16.60450274,,,,,,,,,,2732925.9,,6011410,,,33480327.21,,5037868.653,13.9032837,2702579,,,4.379719384,45.68852947,8881129.302,19438422.3,0.701542879,36.50319398,7095645,2.578943154,1452.47199,1585.173284,,,0.349382135,28647000000,,15.78951862,7.810087776,8.922422339,18.27229415,32.97102875,,0.520394548,2297.415579,,,,,,,,,,10.33844361,37.7130134,40673161,,,,,,,,,,,,,,,,,,,,
1981,14.985,15.57,339.99,,1.077,0.42,0.107,0.102,0.044,0.036,1.786,388,0.825,1.8,340.11,39.70178681,1785278430,2.840538614,4516250192,1.75675887,41.91,,,,,,,113.3,79.50941,0.83744,,,,,,,,,16.70689316,,,,,,,,,,2636112.9,,5871770,,,32418038.87,,4553006.865,14.69477167,2768581.333,,,4.171732482,44.54905968,8393304.625,18840587.63,0.666934567,37.13597548,6996636,2.531839658,1412.121644,1594.620463,,,0.380637922,31835000000,,14.45241597,9.039406351,8.697997989,18.41254494,33.1457733,,0.63846002,2438.728816,,,,,,,,,,10.31345998,37.72565311,40686823,,,,,,,,,,,,,,,,,,,,
1982,14.762,15.347,340.76,,1.089,0.426,0.111,0.107,0.046,0.038,1.818,390,0.84,1.5,341.45,40.08116691,1834634788,2.764630837,4597185804,1.792097615,,,,,,,,110.3,79.76958,0.835,,,,,,,,,16.78396473,,,,,,,,,,2803906.6,,6289190,,,34370124.11,,6196780.283,14.48800537,2706242.333,,,4.063179682,43.10801902,8052229.621,18679191.95,0.657742261,38.79178509,7245992,2.514262767,1381.677928,1569.327549,,,0.48227192,40590000000,,12.90253828,9.641101644,8.381396457,18.93447799,33.77715379,,0.510918559,2534.295563,,,,,,,,,,10.43779959,37.87601371,40848902.4,,,,,,,,,,,,,,,,,,,,
1983,14.953,15.538,342.44,,1.115,0.429,0.113,0.113,0.048,0.041,1.859,394,0.859,1.9,343.05,40.42591112,1883268563,2.650869553,4678787561,1.775037174,,,,,,,,107.3,80.26571,0.83624,,,,,,,,,16.87606887,,,,,,,,,,2778356.4,,6140330,,,33852269.09,,5775165.411,14.56200427,2709909.333,,,3.977409255,42.87509133,7978819.948,18609452.95,0.639298318,38.95686252,7249659,2.509440166,1372.28211,1606.680919,,,0.517735431,45442000000,,11.97604699,10.49567822,7.939779656,19.03740136,34.15933881,,0.436615804,2443.632319,,,,,,,,,,10.45542554,37.94336637,40921526.4,,,,,,,,,,,,,,,,,,,,
1984,14.789,15.374,343.98,,1.14,0.432,0.116,0.118,0.05,0.044,1.899,396,0.877,1.9,344.65,40.78049073,1932839254,2.632162612,4760149224,1.738947579,38.88,,,,,,,104.1,81.21584,0.83534,,,,,,,,,16.97947678,,,,,,,,,,2693295.5,,5987230,,,32822992.33,,4397442.082,15.34852998,2959265.333,,,4.050387296,41.82015533,8063113.277,19280447.94,0.633461715,39.44596113,7605358,2.49187257,1403.758525,1678.326005,,,0.536051498,49706000000,,10.86685719,11.95912709,8.463511829,18.40048047,33.89850079,,0.500148408,2691.799363,,,,,,,,,,10.61345051,38.21214613,41210833.6,,,,,,,,,,,,,,,,,,,,
1985,14.771,15.356,345.46,,1.162,0.437,0.118,0.123,0.053,0.047,1.94,400,0.896,1.9,346.12,41.1371626,1983770230,2.635034232,4843163216,1.743936757,,,,,,,,101.2,81.58053,0.83687,,,,,,,,,17.08850825,,,,,,,,,,2695397.3,,6039460,,,33080640.79,,4382449.589,15.41504647,3061941.333,,,4.101313069,40.35237546,8015324.933,19863328.59,0.628043388,40.90992082,8126072,2.498360376,1413.902656,1717.511853,,,0.56070552,54248000000,,9.16323756,13.6542771,8.106033544,17.85302583,34.81881228,,0.461271977,2695.367431,,,,,,,,,,10.70430752,38.49125874,41511811,,,,,,,,,,,,,,,,,,,,
1986,14.827,15.412,346.88,,1.184,0.442,0.122,0.129,0.056,0.049,1.982,403,0.916,1.9,347.42,41.49793011,2036630907,2.664657237,4928880792,1.769867588,,,,,,,,98.6,81.67699,0.85075,,,,,,,,,17.20513516,,,,,,,,,,2747396.7,,6198880,,,34049392.45,,4806595.313,14.86716708,3043606.333,,,4.153478268,41.06905807,8407657.263,20471999.26,0.626940756,40.78624123,8349759,2.4894681,1415.892626,1741.621487,,,0.599544458,59693000000,,9.256585564,14.42602816,7.60306499,17.65487834,34.61228518,,0.598405282,2690.09469,,,,,,,,,,10.77023798,38.72507369,41764013,,,,,,,,,,,,,,,,,,,,
1987,14.962,15.547,348.61,,1.211,0.447,0.12,0.136,0.059,0.053,2.025,406,0.935,2,349.19,41.84900731,2090571030,2.648497713,5016847474,1.784719203,34.65,,,,,,,96.2,81.48269,0.85689,,,,,,,,,17.32965529,,,,,,,,,,2928827.3,,6463470,,,35963102.02,,6189549.994,15.58143536,3270960.333,,,4.184435882,40.27737432,8455298.927,20992676.59,0.620492854,40.85764369,8577113,2.483221156,1442.205617,1801.966034,,,0.604320292,63035000000,,8.846133142,14.80539177,7.976874462,16.88261994,35.0394943,,0.796658378,2677.495594,,,,,,,,,,10.79494484,38.89885245,41951394,,,,,,,,,,,,,,,,,,,,
1988,15.006,15.591,351.14,,1.25,0.451,0.122,0.143,0.062,0.057,2.085,411,0.963,2.8,351.57,42.21908461,2146476035,2.67414999,5105740915,1.771898417,,,,,,,,94,81.46173,0.85954,,,,,,,,,17.45552283,,,,,,,,,,2791221.4,,6290090,,,35478325.59,,4730462.396,15.75203673,3428641.333,,,4.263110279,40.63126818,8843938.588,21766336.58,0.614954433,40.2140662,8753129,2.496661992,1467.457542,1858.069636,,,0.603767627,65987000000,,9.105484112,15.2930981,7.753729765,16.63188718,34.76261169,,0.848794271,2600.416146,,,,,,,,,,10.8007522,39.08385547,42150911,,,,,,,,,,,,,,,,,,,,
1989,14.885,15.47,352.79,,1.274,0.455,0.126,0.149,0.064,0.061,2.13,414,0.984,2.1,353.12,42.57006234,2202090910,2.590985135,5194723080,1.742786532,,,,,,,,92.1,81.00103,0.86289,,,,,,,,,17.59021446,,,,,,,,,,2840340.9,,6429940,,,36108991.65,,4784155.139,16.1894217,3600990.333,,,4.281818149,40.53485815,9016111.572,22242859.56,0.605640621,40.02846835,8903476,2.501551686,1473.875002,1895.397254,,,1.109642861,1.28193E+11,,9.40594861,14.90396658,8.771954772,15.7113321,34.24337977,,0.994426785,2755.00391,,,,,,,,,,10.83450478,39.21966803,42296993,,,,,,,,,,,,,,,,,,,,
1990,15.079,15.664,353.96,,1.292,0.459,0.129,0.154,0.065,0.065,2.165,417,1,1.6,354.39,42.9300664,2259241166,2.595272327,5284741954,1.732890716,34.82,24.96013297,52.89894329,,76.07923881,95.14463474,62.15992464,90.6,81.25782,0.86636,,,,6.230100593,5.078050528,8.210519124,,,17.73719219,4.980993292,2.662589564,2.318403728,,,,,,,2953007.3,,6668380,,,38232170.06,,5939512.972,16.79872146,3755008,0.474841206,0.778194353,4.229712525,40.84423746,9129887.581,22352939.23,0.591226046,39.1095234,8742128,2.439548795,1661.424625,2125.420903,180.6340714,17.08655033,1.311974521,1.56082E+11,19.36152187,11.19274428,16.91979945,14.73098697,17.92834593,37.18894086,73.59595554,0.908726595,2871.392572,,,31.80057187,41282694.8,1.108429802,0.115289821,135735.1372,0.99313998,1153481.996,10.86434725,39.37396064,42463392,,,,,,,,,,,,,,,,,,,,
1991,15.059,15.644,355.29,,1.312,0.463,0.131,0.158,0.067,0.069,2.2,419,1.016,1.6,355.61,43.28984116,2315744638,2.50099338,5371778910,1.646948077,,,53.23974262,,76.68315689,95.13319637,62.90650573,89.2,81.52181,0.87279,,,,,,,,,17.89767002,,,,,,,,,-1.640696926,2904557.4,0.602395184,6708550,,0.929410466,38587503.85,5.740192529,6280452.452,17.01624792,3850350,0.474698353,0.751378673,4.212290113,42.17796305,9543814.874,22627491.19,0.590447832,37.46815733,8478104,2.47016863,1647.68624,2151.447513,180.0192671,17.24104249,1.030662669,1.25401E+11,19.23294985,10.95814167,17.3073265,14.62494556,18.08510898,37.24246022,71.67682855,0.649071396,2858.409014,,,31.74412838,41210027.6,,,,,,10.89019142,39.47009193,42567820,,,,,,,,,,,,,,,,,,,,
1992,14.879,15.464,355.99,,1.323,0.467,0.133,0.162,0.067,0.072,2.225,421,1.028,1.2,356.45,43.62928953,2370364493,2.358630313,5455637954,1.561103787,,,53.74837543,,77.35444738,95.16529665,63.77817115,88.2,81.14896,0.87809,,,,,,,,,18.02077735,,,,,,,,,4.167090952,3076061.8,2.671413447,6846520,,4.164516244,39824354.99,23.13995541,7313913.625,17.74299307,3975028,0.461968448,0.711708587,4.10646161,40.91203567,9165673.834,22403367.82,0.574390889,38.02303774,8518441,2.506607388,1619.333592,2132.160477,177.1678306,17.60168898,1.130648697,1.3882E+11,19.15826213,10.68527362,17.30355126,14.60672362,17.91443712,37.5740902,72.62292485,0.619090869,2775.274969,,,31.68808922,41137360.3,,,,,,10.81607376,37.5452534,48614072.8,,,,,,,,,,,,,,,,,,,,
1993,14.907,15.492,356.71,,1.334,0.467,0.133,0.164,0.068,0.074,2.24,423,1.035,0.7,357.1,43.98777219,2426989712,2.38888235,5540316264,1.552124806,33.37,,54.23233365,,77.90833654,95.13581446,64.60033455,87.3,81.94766,0.88213,,,,,,,,,18.1724488,,,,,,,,,-3.523157562,2848968.2,-2.477513279,6503170,,-0.394433332,38081369.63,-0.173303359,5929219.596,18.30097185,4096039,0.452889519,0.676916012,4.03975822,41.16601275,9213586.856,22381538.17,0.564554754,37.0606968,8294754,2.503011417,1611.278372,2138.304804,175.9115986,17.61437988,1.145658126,1.43978E+11,19.787379,9.943810909,17.4302075,14.71044512,18.52800322,37.50449668,73.13300575,0.837324692,2733.169013,,,31.65764815,41064693.1,,,,,,10.82740326,37.79924197,48988927,,,,,,,,,,,,,,,,,,,,
1994,14.963,15.548,358.2,,1.356,0.469,0.135,0.165,0.068,0.076,2.27,425,1.048,1.4,358.83,44.34108235,2483457450,2.326657493,5623860861,1.507939132,,,55.1338637,,78.68911349,95.14127539,65.60756117,86.5,82.48419,0.88903,,,,,,,,,18.34033035,,,,,,,,,0.079993029,2955369.5,-0.761654255,6617590,,1.512173906,38810306.96,5.717878709,6279127.119,18.25377582,4154711,0.447252484,0.652018451,4.047189503,40.82536711,9292192.668,22760830.65,0.557308904,37.29699119,8489105,2.495488981,1597.424762,2161.563938,172.0372967,17.70964243,1.177332646,1.51589E+11,19.53734492,9.827215921,17.41505411,14.9170871,18.24345627,37.66903718,73.70537463,0.888949058,2809.819212,,,31.60448851,40992025.8,,,,,,10.81176906,37.92628129,49149120,,,,,,,,,,,,,,,,,,,,
1995,15.112,15.697,360.03,,1.383,0.472,0.137,0.168,0.067,0.077,2.303,428,1.064,1.6,360.82,44.71042277,2541935158,2.354689346,5708659895,1.507843741,,22.61921219,55.69461567,,79.32920174,95.18609285,66.53037026,85.3,81.89969,0.89371,7.966702907,,,,,,,,18.54000732,,,,,,,,,0.870685284,2978718.7,-1.6743197,6556730,,2.113817163,39040328.23,-0.96534094,5882176.421,18.16304596,4224380.333,0.442350318,0.631112306,4.074179511,40.32474041,9378770.538,23258105.18,0.552629258,37.80817883,8793466,2.479669003,1614.546061,2198.933435,171.0051307,17.76194777,1.183023918,1.57545E+11,19.83425132,9.353754754,17.51089409,15.17714297,18.53555823,37.4836899,74.58307756,1.059545451,2760.252901,,,31.5491778,40919358.5,,,,,,10.80117232,37.92690251,49148810,,,,,,,,,,,,,,,,,,,,
1996,15.011,15.596,361.79,,1.41,0.473,0.139,0.17,0.067,0.078,2.336,430,1.079,1.5,362.61,45.06508037,2599291672,2.256411373,5791394148,1.449276267,28.73,,56.43836306,,79.96330731,95.24756013,67.44487885,84,80.94065,0.89726,7.853060469,,,,,,,,18.74471498,,,,,,,,,1.996991338,3011978.6,-1.750800044,6551630,,2.684585473,39258545.34,-7.83571854,5474109.453,18.49204918,4400396.333,0.435754351,0.609408141,4.108881641,40.44126689,9623465.781,23796153.09,0.546882541,37.32315037,8881474,2.486866422,1631.76315,2238.029201,168.7748486,17.74885219,1.179422222,1.62049E+11,19.50401646,8.959333685,17.59277219,15.19198357,18.20590813,38.10419751,75.34469429,1.17650519,2940.894205,,,31.49325784,40846691.3,,,,,,10.7411159,37.95834594,49189389.6,,,,,,,,,,,,,,,,,,,,
1997,15.157,15.742,362.9,,1.426,0.474,0.142,0.171,0.067,0.079,2.359,432,1.09,1.1,363.73,45.42423267,2657520502,2.240180686,5874197965,1.429773469,,,57.01051584,,80.58832635,95.29964166,68.38521112,82.5,80.55563,0.90411,5.962595277,,,,,,,,18.95810214,,,,,,,,,9.609346377,3236772,8.139758082,7211170,,13.45212135,43375207.97,43.78181581,8539939.601,18.14122018,4382061.333,0.425447419,0.584852822,4.112097268,40.94737934,9890951.429,24155273.4,0.535439748,37.11742298,8965815,2.470205114,1624.845905,2260.752945,163.8427551,17.79202407,1.224059012,1.71747E+11,19.38194755,8.759113053,17.05588364,15.99021742,18.04299489,38.15525226,76.09266506,1.486018331,2981.425919,,,31.42043281,40774024,,,,,,10.77489486,38.04396379,49326719.2,,,,,,,,,,,,,,,,,,,,
1998,15.303,15.888,365.55,,1.464,0.478,0.145,0.172,0.067,0.08,2.406,436,1.111,2.2,366.7,45.78882342,2716285593,2.21127517,5956034567,1.393153627,,,57.62244883,,81.2315502,95.34359205,69.33247281,80.6,80.7116,0.91045,5.824013765,,,,,,,,19.19240818,,,,,,,,,5.6884282,3120987,0.190750977,6681100,,15.21258297,44048270.65,62.66514884,9661517.616,18.64252016,4492075,0.414277761,0.562411727,4.045620745,41.97230254,10113586,24095857,0.521008538,35.65667326,8591781,2.450678744,1609.796233,2283.022976,160.5937777,17.96216892,1.252281205,1.80289E+11,19.0355085,8.844513415,16.98434472,16.5423382,17.66276413,37.93320354,76.7193595,2.198072819,3060.224895,,,31.37072228,40701356.8,,,,,,10.7978416,38.10462801,49395465.2,,,,,,,,,,,,,,,,,,,,
1999,15.069,15.654,367.63,,1.495,0.481,0.148,0.173,0.066,0.082,2.444,439,1.129,1.8,368.38,46.15963228,2775594687,2.183463114,6036835964,1.35663076,28.02,,58.19296771,,81.87341088,95.40752633,70.28285588,78.3,80.91246,0.91708,5.564424731,,,,,,,,19.44975272,,,,,,,,,0.086501649,2955561.7,-2.477963163,6503140,,6.957003572,40891983.49,12.72300907,6695197.746,19.17975301,4613086,0.399190434,0.533901756,3.984181969,41.77466077,10047580,24051853,0.50349877,35.20353712,8467103,2.437779684,1622.191786,2315.559927,158.2295398,18.16662564,1.325558621,1.96281E+11,18.66521701,8.385351429,17.09378418,17.44789049,17.21360926,37.75108642,77.53816864,2.98430589,3101.897753,,,31.31307687,40628689.5,,,,,,10.79906616,38.08031987,49366536.9,,,,,,,,,,,,,,,,,,,,
2000,15.082,15.667,368.81,,1.512,0.481,0.151,0.173,0.066,0.083,2.467,441,1.14,1.1,369.55,46.53988026,2835616090,2.162470021,6116786547,1.324378921,,20.73496044,58.79404377,,82.49747625,95.45993466,71.20450786,75.9,81.84344,0.91903,5.167531243,,,8.795190135,8.635395711,11.34970539,,,19.7319567,5.005928825,2.792100646,2.213828179,,,,,,-1.100481533,2920510,-2.815226487,6480650,,6.097657902,40563437,-0.800538182,5891964.903,19.10212576,4712095,0.390901008,0.509944178,4.032821615,42.26252416,10425281,24667909,0.494680809,34.59194292,8533109,2.453857512,1635.600243,2385.043453,154.5466294,17.97611453,1.40091046,2.17154E+11,18.33247347,7.829309833,16.71270553,17.74630875,16.807687,38.73310272,77.76310135,4.358529971,3063.061788,,,31.25372086,40556022.2,1.114713157,0.116479158,135735.1372,0.998233999,1153481.996,10.7687348,38.12214584,49426062,,,,,,,,,,,,,,,,,,,,
2001,15.221,15.806,370.4,,1.535,0.48,0.153,0.174,0.065,0.085,2.492,443,1.151,1.2,371.14,46.9838042,2899912915,2.267472851,6196224413,1.298686253,,,59.40297466,,83.10843538,95.52799433,72.11660699,73.4,82.66141,0.92294,5.089901725,,,,,,,,19.93871625,,,,,,,,,-5.67457114,2785436.8,-1.150954205,6591630,,5.580386588,40365672.95,-7.270315317,5507691.65,19.05315132,4811104,0.390647697,0.497354965,4.075217474,41.31571304,10432615,25250962,0.496608199,35.50682544,8965815,2.443413711,1634.857554,2378.659592,152.7272223,17.77773078,1.437607879,2.24546E+11,17.8688251,7.42275363,16.88721571,18.58957095,16.30915964,38.55756064,77.30429845,2.396513875,3134.06344,,,31.21875827,40510303.2,,,,,,10.74749129,38.10626867,49405047.2,,,,,,,,,,,,,,,,,,,,
2002,15.3,15.885,372.42,,1.564,0.481,0.155,0.174,0.065,0.087,2.526,446,1.167,1.5,373.28,47.47803304,2967876839,2.343653965,6275245568,1.275311377,25.3,,60.01065687,,83.73042567,95.62706257,73.0343131,70.7,83.36259,0.92544,4.981111058,,,,,,,,20.11277061,,,,,,,,,-3.476967361,2850332.2,1.819932277,6789740,,12.65532292,43070574.64,23.90990023,7359644.597,19.36366254,4932115,0.383480368,0.479061075,4.058961793,40.75727037,10381277,25470982,0.490330331,35.531241,9050156,2.432486105,1647.625441,2433.424163,151.6419782,17.81869188,1.560950688,2.53358E+11,17.78813664,7.152082867,16.39317981,19.13288676,16.10618589,38.86012362,78.77209826,2.138836775,3072.732349,,,31.18405219,40464584.1,,,,,,10.71169009,38.01588836,49287034.8,,,,,,,,,,,,,,,,,,,,
2003,15.288,15.873,374.96,,1.6,0.483,0.157,0.174,0.064,0.088,2.567,449,1.186,1.9,375.8,47.97638168,3036973765,2.328160154,6354436903,1.261963921,,,60.62113325,,84.33910157,95.68225845,73.95133521,67.9,84.20316,0.94332,4.848465329,,,,,,,,20.29065451,,,,,,,,,-3.940024124,2836658.1,2.450370255,6831780,,16.19090625,44422304.87,27.30062656,7561037.227,18.86792453,5097130,0.392118367,0.481192294,4.251326972,40.16560337,10850653,27014789,0.505482132,36.56848106,9878898,2.480430982,1686.807153,2498.764054,151.5014745,17.70723864,1.65215688,2.77965E+11,17.37619532,6.93873199,15.66387848,19.41469928,15.60614081,39.95344654,79.33865175,1.809086694,3110.941094,,,31.14891608,40418865,,,,,,10.75556022,37.92082642,49163748.4,,,,,,,,,,,,,,,,,,,,
2004,15.19,15.775,376.78,,1.627,0.483,0.159,0.174,0.063,0.09,2.596,452,1.199,1.4,377.52,48.48040604,3107488387,2.321871292,6434161075,1.254622137,,,61.25092705,,84.95386634,95.7421107,74.83656867,65.5,84.85748,0.9445,4.753639277,,,,,,,,20.46981371,,,,,,,,,-1.542647727,2907452.8,6.294932202,7088150,,19.42533716,45658897.99,19.62763569,7105298.94,18.5520362,5262145,0.390596139,0.466513501,4.408382798,39.35358759,11162348,28364245,0.508120842,37.54363284,10648968,2.49397839,1738.153084,2576.587762,150.0773821,17.45317365,1.797391311,3.16285E+11,17.8054605,6.531022799,15.55963444,19.94309044,15.89058494,39.49523116,79.7123561,2.216293031,3357.048019,,,31.1140257,40373145.9,,,,,,10.77888054,38.00377098,49270626.4,,,,,,,,,,,,,,,,,,,,
2005,15.371,15.956,378.81,,1.655,0.481,0.162,0.173,0.063,0.092,2.627,454,1.213,1.4,379.8,48.98749662,3179225375,2.308519906,6514334516,1.246058971,20.45,18.40777846,61.86192702,,85.54642476,95.79336231,75.74988412,62.6,85.68712,0.94932,4.362041934,3.101315789,,,,,,,20.65493825,,,,,,,,,0.433662998,2965813.4,9.110608574,7275910,,23.49824402,47216058.67,28.35591435,7623716.183,18.40498442,5416159,0.386756083,0.448532938,4.517372408,38.24299065,11254023,29427675,0.507636927,38.60436137,11360366,2.491797372,1765.387616,2654.38864,147.1706487,17.47030913,1.941318495,3.56345E+11,17.95229947,6.176759048,15.07942138,20.17072655,15.89461225,39.95212161,80.33862958,3.219038588,3278.719768,,,31.07880733,40327426.9,,,,,,10.81580506,38.01475159,49284837.8,,,,,,,,,,,,,,,,,,,,
2006,15.32,15.905,380.93,,1.685,0.482,0.165,0.173,0.062,0.095,2.662,457,1.229,1.6,381.9,49.48794209,3251598002,2.276423294,6595056790,1.239148435,,,62.47573754,,86.14000121,95.85100715,76.65277391,60.1,86.11844,0.95323,4.112335106,3.071794872,,,,,,,20.86202782,,,,,,,,,4.984027639,3100186,14.23974039,7617940,,27.2226711,48639987.97,27.47661158,7571489.881,18.41820152,5610510,0.379815188,0.423575816,4.618878952,37.22162032,11338364,30461769,0.503623532,39.32827736,11980089,2.507569498,1795.011966,2730.790355,143.6427767,17.56761617,2.111827437,4.02562E+11,18.11280189,5.477992093,14.64396801,20.50155311,15.87830235,40.62285746,81.03349067,4.155714514,3291.882656,,,31.05347584,40293287.4,,,,,,10.74965654,37.9071893,49182088.9,,,,,,,,,,,,,,,,,,,,
2007,15.327,15.912,382.67,,1.709,0.484,0.167,0.172,0.062,0.097,2.692,460,1.243,1.4,383.79,49.98677613,3324902775,2.254422993,6676244478,1.23103849,,,63.06618948,,86.73132437,95.94343168,77.59133818,57.8,86.7483,0.95726,4.015511969,3.081333333,,,,,,,21.05682907,,,,,,,,,10.39772912,3260053,15.43193399,7697440,,30.72077007,49977387.11,28.03401698,7604597.047,18.39066918,5724187,0.368021235,0.399312911,4.662126455,36.49858624,11360366,31125496,0.493569936,39.84448633,12401794,2.505532173,1822.512203,2820.587481,139.9526675,17.49644707,2.336489521,4.64702E+11,17.87544809,5.386643547,13.67209537,21.20121567,15.40368459,41.25396144,81.64443002,5.220251257,3377.207456,,,31.02720573,40259148,,,,,,10.73914691,37.89572678,49171278.1,,,,,,,,,,,,,,,,,,,,
2008,15.189,15.774,384.78,,1.739,0.486,0.17,0.171,0.061,0.1,2.728,463,1.26,1.7,385.6,50.49158719,3400060205,2.260439931,6758688744,1.234889863,17.82,,63.68053214,,87.29568976,95.98685224,78.44879884,55.8,89.00582,0.96374,3.990839507,3.084,,,,,,,21.2762537,,,,,,,,,2.674622579,3031989.1,14.61809315,7643170,,27.28663,48664440.84,6.121638015,6303108.456,18.6083772,5962542,0.368219164,0.388096223,4.740896824,35.76333257,11459375,32042246,0.498979782,40.39826047,12944510,2.528223281,1828.217544,2842.070947,137.8825206,17.73916014,2.668369996,5.40835E+11,18.54967514,5.032827976,13.48448605,21.59814943,15.74035116,40.73217818,82.17833663,3.749773609,3551.721946,,,31.00472307,40225008.5,,,,,,10.76068572,37.87654921,49136202.2,,,,,,,,,,,,,,,,,,,,
2009,15.314,15.899,386.28,,1.76,0.489,0.172,0.171,0.061,0.103,2.755,465,1.273,1.2,387.43,50.99059689,3475746420,2.22602573,6841315629,1.222528333,,,64.2759758,,87.86363647,96.05333067,79.35625705,53.5,90.30871,0.97061,3.931500248,3.103896104,,,,,,,21.50000262,,,,,,,,,3.917034001,3068677.6,16.59383538,7774920,,25.94268428,48150621.23,-2.842492641,5770682.753,18.28492073,5793860,0.365262595,0.379855158,4.631645245,35.47043166,11239355,31686547,0.501989618,40.70130772,12896839,2.51648461,1794.824278,2792.700674,137.4190141,18.29980371,3.114347277,6.28854E+11,19.32868062,4.686175118,13.35260783,21.92332517,16.07155908,40.10280133,83.27150854,2.162208455,3564.237969,,,30.97880002,40190869.1,,,,,,10.73542423,37.51676728,48668855.2,,,,,,,,,,,,,,,,,,,,
2010,15.396,15.981,388.56,,1.791,0.491,0.175,0.17,0.06,0.106,2.793,469,1.29,1.7,389.9,51.48550467,3552027493,2.194667383,6924026510,1.208990869,15.55,16.08690479,64.84843296,,88.39357623,96.09128724,80.24541232,51.7,90.94036,0.96953,3.913764686,3.109090909,,,,,,,21.72569371,4.963330053,2.808384433,2.15494562,,,,174905.3855,78622.3086,4.466382457,3084899.9,17.20672787,7815790,834345.5748,33.16302371,50911113.68,18.83168378,7058023.272,18.60566926,6233900,0.366866101,0.376477436,4.839002125,34.24537594,11474043,33505379,0.508785608,41.53442049,13916265,2.54265318,1873.156194,2956.63865,137.8224312,18.11529593,3.533761925,7.6102E+11,19.56337971,4.35551411,12.79869857,22.39714671,15.88688387,40.22285867,83.69899854,2.736459057,3557.257942,,,30.95194753,40156729.6,1.11450347,0.116475128,135735.1372,0.998028341,1153481.996,10.7004472,37.48698576,48631068.9,,,,,,,,,,,,,,,,,,,,
2011,15.277,15.862,390.44,,1.817,0.492,0.178,0.169,0.06,0.109,2.825,471,1.305,1.5,391.65,51.97143354,3627948593,2.137401812,7005660672,1.178998403,13.5,,65.31690629,,88.8955485,96.13510968,81.0756809,49.4,90.42753,0.97171,3.957699149,3.112820513,,,,,,,21.9629143,,,,,,,,,5.775268379,3123551.397,18.8753587,7927060.645,,38.07881404,52790527,38.77724675,8242692.572,18.53176273,6461254,0.36707779,0.36707779,4.976809131,33.21413546,11580386,34865836,0.513433047,42.35380732,14767009,2.602672107,1880.116536,3021.707279,134.5778014,18.15010586,4.082437986,9.07846E+11,19.9331194,4.70146845,11.61369575,21.97194578,15.7075602,41.10337279,82.67711562,3.01843602,3660.151077,,,30.92641109,40123650.9,,,,,,10.75699193,37.34973274,48738565.1,,,,,,,,,,,,,,,,,,,,
2012,15.295,15.88,392.45,,1.845,0.494,0.181,0.168,0.059,0.111,2.858,474,1.32,1.5,393.85,52.45575211,3705797524,2.145811304,7089714677,1.199801256,12.41,,65.93053787,,89.48944399,96.23695984,82.06999299,47.4,91.07352,0.97371,3.882697311,3.08625,,,,,,,22.19745939,,,,,,,,,6.797652652,3153742.479,20.18011214,8014066.562,,40.00330807,53526302.83,39.23512069,8269888.054,18.47792369,6552929,0.361795172,0.355165179,5.00211343,33.23337814,11785738,35463557,0.509904424,42.25002585,14983362,2.603081024,1891.10675,3046.57198,132.7815622,18.47421039,4.673986995,1.06287E+12,20.89085677,4.856559321,10.81918143,22.3969371,16.07176927,40.36533983,85.08632711,2.741712813,3617.690348,,,30.90160105,40090572.3,,,,,,10.84918024,37.42404459,48833658.5,,,,,,,,,,,,,,,,,,,,
2013,15.315,15.9,395.19,,1.882,0.496,0.184,0.167,0.059,0.114,2.901,478,1.34,2,396.52,52.93107027,3784393558,2.12089391,7174864459,1.201032558,10.67,,66.49930592,,90.06186664,96.3384659,83.11850732,45.6,90.83023,0.98808,3.950993975,3.075308642,,,,,,,22.43836478,,,,,,,,,,,,,,,,,,18.47381342,6622602,0.354029247,0.341394792,4.996413829,32.89689034,11793072,35848592,0.502681486,42.25654664,15148377,2.577122024,1893.818797,3106.28414,130.2448742,18.76281596,5.393369304,1.263E+12,21.66894032,4.392213917,10.58648789,21.52657668,16.12251032,41.15138644,84.8021419,2.555302919,3840.13898,,,30.87609788,40057493.6,,,,,,10.86172572,37.39774494,48798859.9,,,,,,,,,,,,,,,,,,,,
2014,15.383,15.968,397.11,,1.908,0.499,0.187,0.166,0.058,0.116,2.935,481,1.356,1.6,398.65,53.39833164,3863606021,2.093134918,7260691786,1.196222279,,,67.01896885,,90.55225079,96.37859918,83.92191308,43.9,90.12104,0.98924,3.901319995,3.061842105,,12.80753135,12.18170699,14.81324551,9.31975132,3985.6816,22.68854501,,,,,,,,,,,,,,,,,,,,,,,,,,,,,,1929.402664,3144.376858,126.964208,18.89612882,5.978347341,1.42667E+12,22.34902703,4.095108152,10.62408972,21.5848632,16.21788608,40.66473731,85.45120629,2.189311059,3907.028656,,,30.85060099,40024414.9,,,,,,10.92369254,37.50518223,48937696.1,,,,,,,,,,,,,,,,,,,,
2015,15.52,16.105,399.41,,1.939,0.504,0.19,0.165,0.058,0.118,2.974,485,1.374,1.8,400.83,53.85714064,3943100020,2.057507897,7346705903,1.184654568,,13.92745762,67.52741915,,90.97274905,96.46181192,84.61136086,42.5,,,,3.056578947,95.46315789,,,,,,22.88356664,,,,,,,,,,,,,,,,,,,,,,,,,,,,,,,,,,,,,,,,,,,2.813514047,,,,30.82510411,39991336.2,,,,,,,,,,,,,,,,,,,,,,,,,,,,
2016,15.663,16.248,402.87,,,,,,,,,,,,404.21,,,,,,,,,,,,,,,,,,,,,,,,,,,,,,,,,,,,,,,,,,,,,,,,,,,,,,,,,,,,,,,,,,,,,,,,,,,,,,,,,,,,,,,,,,,,,,,,,,,,